Species,PC1,PC2,contribution
Prevotella_copri,-0.07391192464412301,0.3147213969406294,0.3886333215847524
Alistipes_putredinis,-0.12281243265828101,-0.1555727053215771,0.2783851379798581
Flavonifractor_plautii,0.1519233208728713,-0.11922840973957465,0.27115173061244596
Veillonella_parvula,0.10665729163611554,0.1557660341934057,0.2624233258295212
Ruminococcus_gnavus,0.24034262538475787,-0.02152366204532722,0.2618662874300851
Clostridium_bolteae,0.17319834890983135,-0.08385858912499251,0.2570569380348239
Oscillibacter_sp_57_20,-0.17463599735973714,0.060350814780251054,0.2349868121399882
Barnesiella_intestinihominis,-0.14245797427834472,-0.09208855323501738,0.2345465275133621
Alistipes_finegoldii,-0.07946239777872786,-0.1543067522185348,0.23376914999726267
Eggerthella_lenta,0.1460848768483765,-0.08486476322859762,0.23094964007697413
Odoribacter_splanchnicus,-0.11824747174567132,-0.10687253201575998,0.22512000376143132
Klebsiella_pneumoniae,0.08414324660858127,0.13499290958457486,0.21913615619315613
Haemophilus_parainfluenzae,0.06067420567530411,0.1576705422001522,0.21834474787545632
Veillonella_atypica,0.08228450157949792,0.13404740081666533,0.21633190239616323
Phascolarctobacterium_succinatutens,-0.05312535884805349,0.15926612869513673,0.21239148754319023
Akkermansia_muciniphila,-0.07952931939717266,-0.13055507046025566,0.21008438985742833
Coprococcus_eutactus,-0.11628147517109641,0.08907821124314345,0.20535968641423985
Escherichia_coli,0.09797186626912435,0.10394590699205308,0.20191777326117744
Ruminococcus_torques,-0.117770505915172,0.08369783517202967,0.20146834108720169
Clostridium_symbiosum,0.1365467987679833,-0.06249496396816003,0.19904176273614335
Erysipelatoclostridium_ramosum,0.17823930107700148,-0.015715019924425623,0.1939543210014271
Ruthenibacterium_lactatiformans,0.03229473895949129,-0.16039384172703217,0.19268858068652345
Klebsiella_variicola,0.07010849766334011,0.11595810332933727,0.18606660099267738
Lawsonibacter_asaccharolyticus,-0.038579969876086834,-0.14468586077190043,0.18326583064798727
Eubacterium_eligens,-0.13513522595126076,0.04802774078290681,0.18316296673416757
Firmicutes_bacterium_CAG_110,-0.13579961277642405,0.046598792565472974,0.18239840534189702
Alistipes_shahii,-0.10318913998295409,-0.07814197582199096,0.18133111580494504
Oscillibacter_sp_CAG_241,-0.14929236782336455,0.03194884733641355,0.1812412151597781
Prevotella_stercorea,-0.0035974852518077605,0.176907416415179,0.18050490166698674
Hungatella_hathewayi,0.12818918920997158,-0.05153014910970015,0.17971933831967174
Eubacterium_siraeum,-0.14282217004896414,-0.036412913814849956,0.1792350838638141
Veillonella_dispar,0.06418707845826738,0.11370404772665874,0.1778911261849261
Gordonibacter_pamelaeae,0.07847415484552991,-0.09934712974913877,0.17782128459466867
Blautia_sp_CAG_257,0.1227744375654856,-0.05272488437227307,0.1754993219377587
Prevotella_sp_CAG_279,-0.036601650645384606,0.13873585594103907,0.17533750658642366
Clostridium_citroniae,0.08590123750214347,-0.08371837462074641,0.1696196121228899
Holdemanella_biformis,-0.06471026614184804,0.10427728188165876,0.1689875480235068
Eubacterium_rectale,-0.1164111241544416,0.051814114581072754,0.16822523873551437
Streptococcus_parasanguinis,0.07663232501905955,0.09156155768704373,0.16819388270610328
Gemmiger_formicilis,-0.13156081069004646,0.03595442160632187,0.16751523229636833
Veillonella_infantium,0.06617127474504193,0.10127368524917012,0.16744495999421205
Streptococcus_mitis,0.08098173969312553,0.08070822947146898,0.1616899691645945
Bacteroides_uniformis,-0.009016905957731082,-0.15150809433887333,0.1605250002966044
Coprococcus_catus,-0.12097610549977995,0.03816895477440097,0.15914506027418093
Klebsiella_quasipneumoniae,0.060995377157103785,0.09636579432047024,0.15736117147757403
Clostridium_clostridioforme,0.11294444411421331,-0.04387614039758757,0.15682058451180086
Streptococcus_oralis,0.07084119584455076,0.0844465742219005,0.15528777006645125
Ruminococcus_bicirculans,-0.1005917920690768,-0.054353260133802664,0.15494505220287946
Coprococcus_comes,-0.1401007708615797,0.014068126174624232,0.15416889703620396
Streptococcus_salivarius,0.0668475932675593,0.08520569682829242,0.15205329009585172
Clostridium_innocuum,0.1368606783043087,-0.015006925877951272,0.15186760418225997
Veillonella_sp_T11011_6,0.05923899317474593,0.09208104208684462,0.15132003526159055
Firmicutes_bacterium_CAG_170,-0.06814843198608046,0.08215362020830078,0.15030205219438125
Phascolarctobacterium_faecium,0.06939993784625911,-0.07901041706506658,0.1484103549113257
Collinsella_aerofaciens,-0.08771874906341584,0.057256654977657764,0.14497540404107362
Anaerotruncus_colihominis,0.061287982352224345,-0.08299251139225268,0.14428049374447702
Roseburia_inulinivorans,-0.08041923564517853,0.06350561326110346,0.143924848906282
Asaccharobacter_celatus,-0.03999106062745011,-0.10373874233272493,0.14372980296017504
Bacteroides_dorei,-0.03721453650225467,-0.10499514070210653,0.1422096772043612
Eisenbergiella_massiliensis,0.06732273027469515,-0.07421619902503086,0.141538929299726
Roseburia_faecis,-0.09479408530178139,0.043936142321193666,0.13873022762297504
Firmicutes_bacterium_CAG_95,-0.08623383359525295,0.04995827225066793,0.1361921058459209
Butyrivibrio_crossotus,-0.05607375974291445,0.07919359284876952,0.135267352591684
Fusicatenibacter_saccharivorans,-0.07985721177785622,-0.04982642465662749,0.12968363643448372
Eubacterium_sp_CAG_180,-0.07058983238562946,0.058360088732986586,0.12894992111861606
Tyzzerella_nexilis,0.09688079528515682,0.032001714352173506,0.12888250963733033
Bacteroides_caccae,-0.041049925976915924,-0.08741245628350977,0.1284623822604257
Bacteroides_fragilis,0.0872544210770644,-0.041196158600018934,0.12845057967708334
Roseburia_hominis,-0.11018681520889459,-0.017593905802534632,0.12778072101142923
Bifidobacterium_dentium,0.05903748808144184,0.06719133180348352,0.12622881988492535
Adlercreutzia_equolifaciens,-0.03169940684517669,-0.09447179774608411,0.1261712045912608
Streptococcus_anginosus_group,0.05796850367917131,0.06740957675363424,0.12537808043280554
Butyricimonas_virosa,-0.07384312797896624,-0.05150708005414181,0.12535020803310803
Eubacterium_hallii,-0.08348127097392666,-0.041216847501171015,0.12469811847509768
Dorea_longicatena,-0.10068815745566999,0.023501870106051957,0.12419002756172194
Streptococcus_infantis,0.0591682006167187,0.06448963134505022,0.12365783196176891
Ruminococcus_bromii,-0.08543537174822777,-0.036428731139610135,0.1218641028878379
Firmicutes_bacterium_CAG_83,-0.09341128883025518,-0.027826266315540374,0.12123755514579555
Intestinimonas_butyriciproducens,0.008586707403671722,-0.11154191780104292,0.12012862520471464
Ruminococcus_lactaris,-0.09675305849850616,-0.022882678861391035,0.11963573735989719
Bifidobacterium_adolescentis,-0.09142111751123527,0.02819939078869695,0.11962050829993222
Blautia_obeum,-0.0770525895656004,-0.04225881216242296,0.11931140172802336
Lachnospira_pectinoschiza,-0.06485054813504657,0.0537219567005391,0.11857250483558567
Bacteroides_cellulosilyticus,-0.03506025868587273,-0.08230410490777283,0.11736436359364556
Clostridium_lavalense,0.0626226548861206,-0.05467479787630111,0.1172974527624217
Bacteroides_thetaiotaomicron,0.034068240352379084,-0.0829167295813896,0.11698496993376868
Sellimonas_intestinalis,0.08705081551716941,-0.02992637167500424,0.11697718719217365
Slackia_isoflavoniconvertens,-0.0531262864635536,0.06350644953559048,0.11663273599914409
Rothia_mucilaginosa,0.04638886080657567,0.06919943389128833,0.115588294697864
Clostridium_sp_CAG_58,-0.009143094801284777,-0.10632203462723071,0.11546512942851549
Streptococcus_gordonii,0.052152325686033875,0.06323571813961901,0.11538804382565288
Gemella_sanguinis,0.06087021370276866,0.0542492839765775,0.11511949767934616
Coprobacter_fastidiosus,-0.06032076496177422,-0.05322090631832683,0.11354167128010105
Bacteroides_plebeius,0.013343031930199896,0.10014713163250427,0.11349016356270417
Megamonas_funiformis,0.04916383443279342,0.06392366146729692,0.11308749590009035
Desulfovibrio_piger,-0.0461843479408483,0.06671350274425883,0.11289785068510713
Streptococcus_vestibularis,0.05073892927691451,0.061947896095093206,0.11268682537200772
Alistipes_indistinctus,-0.04696919682472341,-0.06486435675787322,0.11183355358259664
Catenibacterium_mitsuokai,-0.028424259612995512,0.08134141244928926,0.10976567206228477
Fusobacterium_mortiferum,0.07087195607293462,0.03887555272689292,0.10974750879982753
Parasutterella_excrementihominis,-0.02645559460082085,-0.0832736345601557,0.10972922916097655
Bacteroides_ovatus,0.021483416022955528,-0.08669339072818663,0.10817680675114216
Clostridium_asparagiforme,0.05164583453438456,-0.05577297526456538,0.10741880979894994
otros,0.009003994245064663,0.09838493973785059,0.10738893398291526
Anaerotignum_lactatifermentans,0.0697260581725939,-0.037119320111694276,0.10684537828428818
Bilophila_wadsworthia,0.010108936748818416,-0.09252664415764397,0.10263558090646238
Clostridium_aldenense,0.08326803443831539,-0.017843344608593163,0.10111137904690855
Paraprevotella_xylaniphila,-0.06136016333363156,0.03949154234567507,0.10085170567930662
Streptococcus_sanguinis,0.051791222425468394,0.04885102570709328,0.10064224813256167
Clostridium_leptum,0.00028593191790966127,-0.10019290309077514,0.1004788350086848
Bacteroides_vulgatus,0.023462084857591936,-0.0760884061756315,0.09955049103322344
Parabacteroides_merdae,-0.05936044244215201,-0.03934409602180755,0.09870453846395956
Actinomyces_odontolyticus,0.051973795655200904,0.04557184553942307,0.09754564119462397
Dorea_formicigenerans,-0.08611534399491944,0.010725227559524368,0.09684057155444381
Parabacteroides_distasonis,-0.008228034157246393,-0.0882667469891547,0.09649478114640109
Eisenbergiella_tayi,0.03395201988477397,-0.060579557825663655,0.09453157771043763
Clostridium_bolteae_CAG_59,0.0718919377669126,-0.021642184236939588,0.0935341220038522
Haemophilus_sp_HMSC71H05,0.020539293235721394,0.07147570394554438,0.09201499718126577
Alistipes_inops,-0.051507590894262656,-0.040456386101360785,0.09196397699562345
Eubacterium_ventriosum,-0.05627828334440222,-0.03546723703341542,0.09174552037781764
Streptococcus_australis,0.04600870691314206,0.045718884569039206,0.09172759148218126
Methanobrevibacter_smithii,-0.07388879516796958,0.015008988352584327,0.0888977835205539
Anaerostipes_hadrus,-0.029616295953760176,-0.057956463962398896,0.08757275991615907
Gemella_haemolysans,0.044502369664736204,0.04295266023363754,0.08745502989837374
Proteobacteria_bacterium_CAG_139,0.015609119087257785,-0.07155596792550384,0.08716508701276163
Megamonas_hypermegale,0.04639972281806276,0.03960596141069056,0.08600568422875332
Blautia_wexlerae,0.04923417168855484,-0.03622902554650549,0.08546319723506032
Actinomyces_sp_ICM47,0.04349254632233021,0.04048140605141392,0.08397395237374414
Dorea_sp_CAG_317,0.04418028572259606,-0.039351198737186927,0.08353148445978298
Mogibacterium_diversum,0.04728179439812481,0.03538657010575065,0.08266836450387546
Bacteroides_coprocola,0.015973189353876163,0.06650731090136969,0.08248050025524585
Blautia_hansenii,0.07247279936412321,0.008815379419850965,0.08128817878397418
Faecalibacterium_prausnitzii,-0.06924832494941058,0.011603593980374804,0.08085191892978538
Blautia_producta,0.0731158396281246,-0.0075631695244032645,0.08067900915252786
Firmicutes_bacterium_CAG_238,-0.044138493633996245,0.035486949735361956,0.0796254433693582
Bifidobacterium_pseudocatenulatum,0.0646565245142254,0.014576443667611847,0.07923296818183725
Eubacterium_sp_CAG_251,-0.03138201293960376,0.04549950790680233,0.07688152084640609
Eubacterium_ramulus,-0.07530333347111408,-0.00108506708131212,0.0763884005524262
Firmicutes_bacterium_CAG_145,0.003912602456825512,-0.07019691559924222,0.07410951805606773
Anaeromassilibacillus_sp_An250,-0.00833680435254448,-0.06523125446928585,0.07356805882183033
Roseburia_sp_CAG_182,-0.033862839520782936,0.03929242189119947,0.0731552614119824
Megasphaera_elsdenii,0.017138054893318034,0.05528275954906317,0.0724208144423812
Holdemania_filiformis,0.007766788134535221,-0.06290765957392627,0.0706744477084615
Turicimonas_muris,0.01617303052010579,-0.05432215608112284,0.07049518660122864
Butyricimonas_synergistica,-0.039013690025029274,-0.03094736438339035,0.06996105440841963
Intestinibacter_bartlettii,0.046820420297419,0.023081693522653227,0.06990211382007222
Lactobacillus_rogosae,-0.0394377290227261,0.029889339268948253,0.06932706829167434
Bacteroides_xylanisolvens,0.011635506866416567,-0.05636048247528604,0.06799598934170262
Clostridium_saccharolyticum,0.03257998635471916,-0.035153067616121345,0.0677330539708405
Clostridium_spiroforme,0.04537355888096028,-0.02206219151718853,0.06743575039814881
Clostridium_sp_CAG_299,0.05243704708372589,-0.011858421312836183,0.06429546839656207
Bifidobacterium_longum,0.03240988815562624,-0.03165291163269286,0.06406279978831911
Bacteroides_eggerthii,-0.031589118634246106,-0.030525427936062846,0.06211454657030895
Victivallis_vadensis,-0.029155897155468905,0.032343227224106715,0.06149912437957562
Bacteroides_intestinalis,-0.011148372091084468,-0.050002890345976374,0.061151262437060844
Monoglobus_pectinilyticus,0.00788899585670254,-0.053007161758045616,0.060896157614748155
Dielma_fastidiosa,0.0370076941329145,-0.023857137629715603,0.060864831762630106
Clostridium_sp_CAG_167,-0.05380107524447039,-0.005833574047013671,0.059634649291484064
Bacteroides_stercoris,0.04386820944429119,-0.015329968146400369,0.05919817759069156
Firmicutes_bacterium_CAG_94,-0.005733090198425334,-0.05344301199088716,0.0591761021893125
Roseburia_sp_CAG_471,-0.02339856404132341,0.03447063663414236,0.057869200675465776
Blautia_hydrogenotrophica,0.03255428188858015,-0.023130763701608232,0.05568504559018839
Allisonella_histaminiformans,0.008663392728432471,0.04646377527865943,0.0551271680070919
Roseburia_intestinalis,-0.05115393494237126,-0.0008917712044583132,0.05204570614682957
Romboutsia_ilealis,0.02590745764536717,0.02596161795569213,0.0518690756010593
Sutterella_parvirubra,0.0037980354867121566,0.04795295252313077,0.05175098800984292
Clostridium_sp_CAG_242,0.025453133431272697,-0.025060423325139802,0.0505135567564125
Clostridium_sp_CAG_253,-0.024427188498986445,0.022973716904999587,0.04740090540398603
Bacteroides_massiliensis,-0.02379618662349347,-0.02315948718359538,0.04695567380708885
Dialister_invisus,0.021812199111298634,-0.02481563475316621,0.04662783386446484
Turicibacter_sanguinis,0.015903542324335142,0.030090967486506182,0.04599450981084133
Clostridium_disporicum,0.011982180135546873,0.03243979773487436,0.044421977870421236
Ruminococcaceae_bacterium_D16,0.023534395950059604,-0.01863840091812112,0.04217279686818072
Bacteroides_sp_CAG_144,-0.02603262982495873,-0.014514435685675203,0.04054706551063393
Dialister_sp_CAG_357,0.011339132967136423,0.028897455981972096,0.04023658894910852
Roseburia_sp_CAG_309,-0.03880645264342378,0.0007759672887682041,0.039582419932191984
Streptococcus_thermophilus,-0.0006826486585378692,-0.03850413563562897,0.03918678429416684
Coprobacter_secundus,-0.023664155768046993,-0.01445491030300027,0.038119066071047265
Eubacterium_sp_CAG_38,-0.030516948749018218,-0.005474588651417977,0.035991537400436195
Coprobacillus_cateniformis,0.03271419734502189,-0.0029626855934316155,0.03567688293845351
Enterorhabdus_caecimuris,0.018391130503298738,-0.01727295401959627,0.035664084522895004
Collinsella_intestinalis,0.030723225195496945,-0.0048809001748677866,0.03560412537036473
Acidaminococcus_intestini,0.026906339687499795,0.00755966304856708,0.03446600273606688
Eubacterium_sp_CAG_274,0.010049258392709587,-0.0239859546709207,0.03403521306363029
Olsenella_scatoligenes,0.009441158164366088,0.02458921740088344,0.03403037556524953
Agathobaculum_butyriciproducens,-0.031331161089162285,0.0018782001292617112,0.033209361218423994
Bacteroides_clarus,-0.007853243079793964,-0.025283267140689073,0.033136510220483036
Bifidobacterium_bifidum,0.012831378290930883,0.019831554276559644,0.032662932567490525
Alistipes_onderdonkii,0.011939683204291915,-0.020713483659659443,0.03265316686395136
Bacteroides_salyersiae,0.003215496417023237,-0.02874941372500542,0.03196491014202866
Bacteroides_nordii,0.019550974082742027,-0.01126943329462261,0.030820407377364637
Bacteroides_galacturonicus,-0.00993221368530625,0.02048648753737488,0.03041870122268113
Ruminococcaceae_bacterium_D5,-0.014076561934846483,-0.0153218198331095,0.029398381767955985
Parabacteroides_johnsonii,0.008025447796131428,-0.02117663030811413,0.029202078104245556
Lactococcus_lactis,0.013505737650088834,0.013612974353095471,0.027118712003184303
Ruminococcus_callidus,-0.007348571561586606,0.018779897941668858,0.026128469503255463
Bacteroides_faecis,-0.008504457480369277,-0.01683470433739353,0.025339161817762808
Parabacteroides_goldsteinii,-0.0019632691324037743,-0.02051988450463404,0.022483153637037817
Paraprevotella_clara,-0.00031498538915815844,0.021522608880014837,0.021837594269172995
Bacteroides_finegoldii,-0.005220966495916378,-0.016063886562435587,0.021284853058351965
Enorma_massiliensis,0.013241492961887686,-0.005156292801160545,0.018397785763048232
Collinsella_massiliensis,0.011446211012198736,0.003801641224190039,0.015247852236388776
Roseburia_sp_CAG_303,0.0014525185693403467,0.009488117588614677,0.010940636157955024
Collinsella_stercoris,0.0036069630673207947,-0.0003124561127800656,0.00391941918010086
