,PC1,PC2,contribution
Phocaeicola,0.19311087678680394,0.025221700106249748,0.2183325768930537
Thomasclavelia,0.10911189474486054,0.0888285250645935,0.19794041980945404
Bacteroides,0.18484009521308678,-0.0113093169177989,0.1961494121308857
Faecalibacillus,0.033768869270185686,0.15657983354706334,0.19034870281724903
GGB3109,0.10062147601595163,0.08652697817234598,0.18714845418829762
Ruthenibacterium,0.13660971383026108,0.048084869360934056,0.18469458319119514
Anaerostipes,0.06710078796767599,0.11688407900752402,0.1839848669752
GGB9708,0.031943677532027544,-0.15139728307249856,0.1833409606045261
Alistipes,0.1763432257932965,-0.00619502867096613,0.18253825446426264
Eggerthella,0.07878322079332561,0.10318509209799069,0.18196831289131632
GGB9747,0.03982653408365192,-0.13386317337748804,0.17368970746113996
Streptococcus,-0.03627470138289603,0.13510913081007497,0.171383832192971
Flavonifractor,0.11229197875199856,0.0575535540536453,0.16984553280564385
GGB4888,-0.11777852034141184,0.051503087390453374,0.1692816077318652
GGB9370,-0.08150024007359252,0.08687066476824522,0.16837090484183775
Senegalimassilia,-0.09769868232772777,0.07020363953241575,0.16790232186014353
Sarcina,-0.06504386666307467,0.09986463465529496,0.16490850131836965
Dialister,0.10271706406419469,0.061725571423180546,0.16444263548737523
GGB3304,0.026309486721658924,-0.13810320989099698,0.1644126966126559
Methanobrevibacter,-0.08108112784414949,-0.08302506950413922,0.1641061973482887
Parabacteroides,0.16123545773287096,-0.0021367016735675108,0.16337215940643846
Paratractidigestivibacter,-0.11489760405997175,0.046968548231287946,0.1618661522912597
Dysosmobacter,0.07996624820369098,-0.08103479602445411,0.1610010442281451
GGB143497,0.04108624536662492,-0.1187064437475367,0.1597926891141616
GGB3588,-0.08531227855126275,0.07268632341942012,0.15799860197068288
Enterococcus,-0.044874914488922134,0.11096041974744252,0.15583533423636464
GGB9699,0.10006935100928342,-0.054739048812589786,0.15480839982187322
Brotocaccenecus,0.03383341699657022,-0.11923454923706667,0.1530679662336369
GGB9707,0.05381888563292887,-0.09747544586109355,0.15129433149402244
GGB3306,-0.059705214910547366,-0.09131726475204396,0.15102247966259133
Gordonibacter,0.07403956855876752,0.07626897068611713,0.15030853924488463
Akkermansia,0.10291833724223971,0.04589611010131602,0.14881444734355573
GGB4672,-0.11308052805355756,0.03509238475616197,0.14817291280971953
Intestinibacter,-0.06473925999694831,0.0831601058916359,0.1478993658885842
Oscillibacter,0.04007262728241586,-0.10769661685525402,0.14776924413766987
Slackia,-0.08942632099381013,0.05826886082333536,0.1476951818171455
Actinomyces,-0.03267561159348825,0.11474979923502471,0.14742541082851296
Ellagibacter,-0.11170567826673568,0.03505383159867608,0.14675950986541175
GGB9712,0.01440063012349694,-0.13178365591296878,0.14618428603646572
GGB9380,-0.08810593350654482,0.05657949249389485,0.14468542600043965
GGB1627,-0.08762603028261512,-0.05695994715138455,0.14458597743399967
Hominilimicola,0.09608732606530118,0.04787581335083775,0.14396313941613892
GGB9634,0.004568930396477211,-0.13897319653878862,0.14354212693526583
Bifidobacterium,0.05911374547908036,0.08260772626890193,0.1417214717479823
GGB4884,-0.09008681278509179,0.050633417434813255,0.14072023021990504
Holdemania,0.08762023166343948,0.05213942765454008,0.13975965931797957
Mogibacterium,-0.0854695590288456,0.05389441950179634,0.13936397853064192
GGB9636,-0.02757158898656377,-0.1109434753916991,0.1385150643782629
GGB9602,0.021134532855293393,-0.11734970433280086,0.13848423718809424
Phascolarctobacterium,0.09849595179508243,-0.03917137949709136,0.1376673312921738
Hydrogenoanaerobacterium,0.08939470357123667,0.047148793916216375,0.13654349748745304
Odoribacter,0.13267999516259948,0.0036011377957425083,0.136281132958342
Barnesiella,0.12284795185236916,0.011394612162823845,0.134242564015193
GGB3321,0.017357254489156246,-0.11587888804739872,0.13323614253655497
GGB82668,-0.07663608202690872,0.05570380258210397,0.1323398846090127
GGB4456,-0.08133002240518243,0.0494339215053195,0.13076394391050195
Phoenicibacter,-0.0723840676878749,0.05735252248001156,0.12973659016788647
Vescimonas,0.050713661181309586,-0.07900678923954,0.1297204504208496
Romboutsia,-0.05109373123347227,0.07817560968462683,0.1292693409180991
Rothia,-0.0376014182994427,0.08999108198057947,0.12759250028002217
GGB9642,-0.06618973091190657,-0.061239500619325093,0.12742923153123165
GGB4642,-0.10483095967241651,-0.022368717312929075,0.1271996769853456
Pilosibacter,0.11035108689754691,0.016742099450208263,0.12709318634775518
Holdemanella,-0.1109267025492056,0.01611993111568979,0.12704663366489538
Parolsenella,-0.08478190068556055,0.04149387976742448,0.12627578045298504
GGB9293,0.0328382851866097,-0.0932788396661676,0.1261171248527773
GGB3653,0.06198345934677808,-0.06384714787362245,0.12583060722040051
Hominiventricola,0.118313464529348,0.00697877118579518,0.1252922357151432
GGB9618,0.02495820786360893,-0.1003034309026258,0.12526163876623475
GGB9677,-0.012087672958825879,-0.11306336632618584,0.12515103928501173
Enterocloster,0.06376031133174231,0.06117605955787311,0.12493637088961543
GGB9691,-0.0125243284346489,-0.11225685384297276,0.12478118227762167
GGB9627,0.05701874309452133,-0.06679477150709412,0.12381351460161545
Lawsonibacter,0.10043938978109766,0.022995331527968628,0.1234347213090663
GGB9715,0.033671183448937894,-0.08905079239445358,0.12272197584339148
Lachnoclostridium,0.051368885410677766,0.07089493624926306,0.12226382165994082
GGB3619,-0.010047187204375134,-0.11121729775442121,0.12126448495879635
Wansuia,0.0649467010877166,0.05503662114291826,0.11998332223063485
GGB2653,0.0751780686293896,0.042712873757302455,0.11789094238669205
Catenibacterium,-0.11506910948485494,0.0027301174026905907,0.11779922688754553
Bilophila,0.10530031589936198,-0.011245979334443584,0.11654629523380557
Anaerotignum,0.09263512484803473,-0.021489878566589467,0.1141250034146242
Eisenbergiella,0.05674707440996788,0.057259234354415975,0.11400630876438386
Adlercreutzia,0.07389336855930473,0.040051974291016826,0.11394534285032155
Neopoerus,0.07834905274861523,0.03498016455175082,0.11332921730036605
GGB49284,-0.06768572264528568,0.044479605341980796,0.11216532798726647
Roseburia,0.07537903236114205,0.03663401325214655,0.11201304561328859
GGB9189,0.05639318012675593,-0.05561657459515201,0.11200975472190794
GGB9603,-0.025739358039835968,-0.08600722297382166,0.11174658101365763
GGB9758,0.019606983936990813,-0.09156428588294381,0.11117126981993462
GGB81330,-0.028038460820087107,-0.08198166874710563,0.11002012956719275
GGB9766,-0.04323245579453079,-0.0663993308323655,0.1096317866268963
Parasutterella,0.06329628746424754,0.0461313930990421,0.10942768056328964
Weissella,-0.02130411808560322,0.08806806447699495,0.10937218256259816
GGB9690,-0.019661937186673747,-0.08904507928313053,0.10870701646980428
Escherichia,0.014100301788988214,0.09426834917911146,0.10836865096809968
Lentihominibacter,-0.0404870098549096,0.06746256848614848,0.10794957834105809
GGB9762,-0.03677504882016447,-0.07093036736518833,0.1077054161853528
GGB3862,-0.10679793119621489,0.0006070441497989857,0.10740497534601387
GGB40607,-0.025938871912210625,0.0813069186472674,0.10724579055947803
Paraprevotella,0.10610117102554016,0.0010751921469861325,0.1071763631725263
GGB9767,-0.026813529834844065,-0.07994612001721352,0.10675964985205758
GGB9719,0.05436337121070756,0.05215963664611901,0.10652300785682657
Pusillibacter,0.06326300960952573,0.04243353369556526,0.10569654330509098
GGB4266,-0.06652832746474782,-0.03893917604878576,0.10546750351353358
GGB4916,-0.06462657979967384,0.040810950306676266,0.10543753010635011
GGB1495,-0.013625013894470165,-0.09129628605863542,0.10492129995310559
Anaerobutyricum,-0.013574476942854383,0.09068936717452927,0.10426384411738365
GGB3429,-0.06941910710670449,0.03419539621346113,0.10361450332016561
Mediterraneibacter,0.03272373710334677,0.06991649067553397,0.10264022777888074
GGB9502,0.08091956982859314,-0.02154164851856757,0.10246121834716071
Pseudoflavonifractor,0.006053309784803167,-0.09613980182337296,0.10219311160817612
Agathobacter,0.06765524155813929,0.03451974807255531,0.1021749896306946
GGB34797,-0.048828648727851795,0.05327771702909039,0.10210636575694218
GGB2982,0.060615244282451325,0.040268208337009025,0.10088345261946036
GGB9342,0.007630773740104835,-0.09249610416681246,0.1001268779069173
Christensenella,0.044393958962938955,0.05446566748509158,0.09885962644803054
Parvimonas,0.017409279798949493,0.08127126006631935,0.09868053986526884
GGB9420,-0.062099990143759214,0.03644229089529833,0.09854228103905754
Ligilactobacillus,-0.03153528820011412,0.06660271635344418,0.09813800455355831
GGB9347,0.011338124753419578,-0.08652791408612338,0.09786603883954297
GGB143455,-0.015033342085445071,-0.08167970059701128,0.09671304268245635
Fusicatenibacter,0.023088696249994232,0.07358597120141425,0.09667466745140849
Coprobacillus,0.04948150456229124,0.046988876299331066,0.0964703808616223
Turicibacter,-0.019472823285140654,0.07691231730595322,0.09638514059109388
Lachnospira,0.08271443540975086,0.012437118241059298,0.09515155365081016
Sutterella,0.06988633908478534,0.02486217698132008,0.09474851606610542
GGB9491,0.05187311992083155,0.0425181170508319,0.09439123697166346
Hungatella,0.051841896428147224,0.04222726455991754,0.09406916098806477
GGB74412,0.07741273293200833,0.015678155267820425,0.09309088819982875
Butyricimonas,0.08158113452810255,-0.011328478827482742,0.09290961335558529
GGB13493,0.005066133514680657,-0.087523640962921,0.09258977447760167
GGB3623,-0.037185424557131745,-0.05489818032656721,0.09208360488369896
GGB9345,-0.005664808540826866,-0.08582866942549003,0.09149347796631689
Gallintestinimicrobium,0.07787236178955044,-0.012518667065600191,0.09039102885515063
Waltera,0.05621838886214009,-0.0339825478627383,0.09020093672487839
Wujia,0.04386015303976571,-0.04624161305718866,0.09010176609695436
Coprobacter,0.05394742606503947,0.035964650277919515,0.08991207634295897
Schaalia,-0.01702298546389032,0.07266710913784537,0.08969009460173569
Hominifimenecus,0.05774326314431715,-0.031884477569447074,0.08962774071376423
Anaeromassilibacillus,0.049054170896921864,0.040175628896631024,0.08922979979355289
GGB9383,-0.06041619865044271,0.028547679687608768,0.08896387833805147
Anaerotruncus,0.0470257682072088,0.04144078977595063,0.08846655798315943
GGB12785,-0.006175979315451974,0.0820659880973078,0.08824196741275976
GGB1239,-0.08614612189875213,-0.0018267568170475857,0.08797287871579972
Prevotella,-0.05219265947957419,-0.03453708505864117,0.08672974453821536
GGB9774,-4.2459082829235334e-05,-0.08571855313746336,0.0857610122202926
GGB2958,-0.016672874203810747,-0.06803979132849645,0.0847126655323072
Faecalicatena,0.08361466264809099,0.001042486300518334,0.08465714894860932
Blautia,0.00603682181763917,0.07857377584683753,0.0846105976644767
GGB49418,-0.0265876666237095,-0.05790791504102058,0.08449558166473008
GGB9790,-0.07174975744188689,-0.01244703206395163,0.08419678950583852
Eshraghiella,-0.0061089568607410405,-0.07801071577815907,0.08411967263890012
GGB52130,0.04831563709306431,0.03533849519468168,0.08365413228774599
Treponema,-0.08167620234931912,0.0017262640866903252,0.08340246643600945
Clostridium,0.023465503709724153,0.05975088635247234,0.0832163900621965
Segatella,-0.05079692676890564,-0.03168957832235273,0.08248650509125838
GGB9365,0.044447423342318104,0.0377472907881486,0.0821947141304667
GGB58158,0.04080544194874425,0.041135998688791524,0.08194144063753578
Coprococcus,0.048442012642148605,0.03277208542577528,0.08121409806792389
GGB9253,0.021822033123318003,-0.05902192220212367,0.08084395532544167
Guopingia,0.04500794229406731,0.034782936079115666,0.07979087837318297
GGB4604,-0.041300955191732554,0.03818740930542685,0.0794883644971594
Leyella,-0.07398308124082213,-0.004652158038335069,0.0786352392791572
Faecalibacterium,0.06547850646694899,0.012919817633282994,0.07839832410023198
Oliverpabstia,-0.016093358505859922,0.06190089732246579,0.07799425582832571
Collinsella,-0.020981562920453146,0.05636728764292803,0.07734885056338117
Lactococcus,0.0032978099311949207,0.07345097412499305,0.07674878405618797
Agathobaculum,0.07454896542859117,-0.0017513445667476923,0.07630030999533886
GGB9531,0.04536034655559956,0.030293688622486274,0.07565403517808583
GGB9621,0.05651822359443058,0.019016502449943132,0.07553472604437371
GGB4644,-0.07369255879830419,-0.001725275457325397,0.07541783425562959
Granulicatella,-0.006936676810544361,0.0684108511197024,0.07534752793024675
GGB9591,-0.022319960915022617,-0.05254061155219546,0.07486057246721807
Veillonella,0.0400252857162893,0.034678274844405124,0.07470356056069442
GGB9686,-0.03134339258174486,-0.04287792027477244,0.0742213128565173
GGB3490,0.028236642902162115,0.045591548743122844,0.07382819164528495
Hominenteromicrobium,0.04799792015770454,-0.025510207347709504,0.07350812750541405
GGB9534,0.055313529974899835,0.0181721779383392,0.07348570791323904
GGB34228,0.015830737162014732,-0.057280418905751265,0.073111156067766
Dorea,0.01241940740583963,0.060417434267807706,0.07283684167364733
GGB82047,-0.06121913132701457,-0.010741531778673735,0.0719606631056883
GGB30337,0.018316101907748555,-0.05362649527253942,0.07194259718028798
GGB4611,-0.04357254514375777,0.028205435556699635,0.0717779807004574
GGB13404,0.03258729358469638,-0.038583078328818375,0.07117037191351475
Desulfovibrio,0.0466769734048243,-0.024327968667039224,0.07100494207186353
GGB9730,-0.03766538501518238,0.033210774851973185,0.07087615986715556
GGB9524,0.049742480070022216,0.02111748291773842,0.07085996298776064
Anaerosacchariphilus,0.045012970377840626,0.025039341991899597,0.07005231236974022
GGB9590,0.024639453853711666,-0.045410445364364185,0.07004989921807585
GGB9290,-0.0031196060551041288,-0.06667405624976369,0.06979366230486782
GGB31460,-0.03125813107514025,-0.03838851503891965,0.0696466461140599
GGB4682,-0.04210392698624636,-0.02749386715572285,0.0695977941419692
GGB1458,-0.045889899268732944,-0.023098359052874027,0.06898825832160697
Gemella,0.004019020711374783,0.06483026341755656,0.06884928412893133
GGB9697,0.01391533204834037,-0.05486597911068063,0.068781311159021
GGB9701,-0.02543427118528064,-0.0432962814259737,0.06873055261125434
GGB4629,-0.036248566934113026,0.031420222243997535,0.06766878917811056
GGB9302,-0.001704868379710748,-0.06595937567128549,0.06766424405099623
Kineothrix,-0.010741938374379255,-0.05657495670790703,0.06731689508228628
GGB9673,-0.027291793239185104,-0.03961198581296987,0.06690377905215497
Ruminococcus,0.03219743392217117,0.03423743025815163,0.0664348641803228
GGB9786,-0.0408159502538919,-0.02542978638752035,0.06624573664141224
GGB4552,-0.023940140186285666,-0.0422884565695662,0.06622859675585187
Anthropogastromicrobium,0.047416447062719164,-0.018748982220078574,0.06616542928279774
GGB4723,-0.04737893811500933,-0.01751028410658023,0.06488922222158956
GGB3118,-0.020060792137618685,-0.04482314564666681,0.0648839377842855
GGB9787,-0.02876097575265864,-0.03540279626346966,0.0641637720161283
GGB1247,-0.04940258685514533,0.014756672461374387,0.06415925931651971
GGB4699,-0.017585992798774694,-0.046315967075600255,0.06390195987437494
GGB9288,0.01726904960566218,-0.045353112132683435,0.06262216173834562
GGB4704,-0.02999173487666202,0.03192828190627178,0.0619200167829338
Simiaoa,0.01607415252307783,-0.04574979929272494,0.061823951815802775
GGB9778,-0.056370551641054194,-0.005111193568407929,0.061481745209462126
GGB9737,-0.00032596957408381435,-0.061143806472235156,0.06146977604631897
GGB4649,-0.01965778460119449,0.04101298574510399,0.060670770346298475
Eubacterium,0.04447884513163072,0.01600704529998189,0.060485890431612614
GGB4569,-0.019356564142904854,-0.04060083438509309,0.059957398527997946
GGB3345,0.020652950272353362,-0.039262819456253796,0.059915769728607154
GGB9759,-0.052144488113786774,-0.007360280935157292,0.05950476904894407
Butyribacter,0.03673124571569103,0.022697244296530843,0.05942849001222188
GGB9729,-0.047197441076113615,0.012118664979410432,0.05931610605552405
GGB1630,-0.03706537786926644,-0.021307531185283342,0.05837290905454978
GGB9608,-0.014672105918547108,-0.04358487954879917,0.058256985467346284
GGB3473,-0.008459369629907053,0.04973900224052937,0.05819837187043642
Klebsiella,-0.0047205595352787415,0.0533292095471578,0.058049769082436545
GGB1632,-0.040909182931837186,-0.017061816172321827,0.05797099910415901
otros,0.019120340072902683,0.03884914529324868,0.05796948536615136
GGB3280,-0.03891196884918424,0.018730211351232488,0.057642180200416726
GGB4578,-0.03966380835142778,-0.017551636665126602,0.05721544501655438
GGB3189,-0.014082894993234561,-0.04282809566398088,0.05691099065721544
Enterobacter,0.013043315114997046,0.04379977423727995,0.056843089352277
GGB4717,-0.02141187126426837,0.03473737810114027,0.05614924936540864
GGB50736,-0.019542017104294353,0.03653685322241171,0.05607887032670606
GGB51431,-0.035702786600461424,-0.02010205549409551,0.05580484209455694
GGB58067,-0.0259833844808398,-0.029683085432915767,0.05566646991375557
GGB4684,-0.012021812923303428,-0.043079498946378365,0.05510131186968179
GGB2631,-0.04075635770629209,0.01428243929469381,0.0550387970009859
GGB3253,-0.03036411862051575,-0.02391206927006009,0.05427618789057584
GGB1147,-0.01836253137113831,0.035691351538358236,0.054053882909496545
GGB3102,-0.04075054365784578,0.013005502388399858,0.053756046046245634
GGB9522,0.01629860378598079,-0.037400093446861696,0.053698697232842485
GGB9785,-0.02259165034372499,-0.03082259709877892,0.05341424744250391
GGB51441,0.015337672711495174,0.03779548035235756,0.05313315306385273
GGB3474,-0.01975873019901944,-0.033293110050212626,0.05305184024923207
GGB4579,0.004742725040685894,0.0475647703090741,0.052307495349759994
GGB9361,-0.008786358648926396,0.042976416953830976,0.05176277560275737
GGB4589,-0.020152544001473642,0.031592351883244475,0.05174489588471812
GGB1266,-0.025909802753308158,-0.025504517717939792,0.05141432047124795
GGB100921,-0.011581458932164338,-0.039661523677181953,0.05124298260934629
GGB4669,-0.030260338532180506,-0.020950778802124193,0.051211117334304695
GGB9296,0.02965369360915427,-0.021097407709275963,0.05075110131843023
GGB9696,0.001719243115141461,-0.04838891204927933,0.05010815516442079
GGB4574,-0.019187984774514426,0.030820363630745688,0.05000834840526011
GGB2977,-0.011730900362691756,0.038259510195312284,0.04999041055800404
GGB9297,0.01712152197989971,-0.03258598083224113,0.04970750281214084
GGB2983,0.02027441535126439,-0.029171846756304347,0.049446262107568736
Haemophilus,-0.019124699386469966,0.030198813125159065,0.04932351251162903
GGB51512,0.03770083294080175,0.011604422110711521,0.04930525505151327
GGB4715,-0.0419464727898611,-0.007225906303445642,0.04917237909330674
GGB4711,0.022036499620636984,0.027026143057966412,0.0490626426786034
GGB9266,0.008372988785422553,-0.0404363442662416,0.04880933305166415
GGB3478,0.005350959620890148,-0.043352316545113276,0.04870327616600342
GGB9687,-0.017195005320119864,-0.03145649687370734,0.048651502193827204
GGB3288,0.026595691221657947,-0.02194500817706104,0.04854069939871899
GGB4564,-0.0318760628619535,-0.016630427683509853,0.048506490545463354
GGB3491,0.028756439140564895,0.01956621234772222,0.04832265148828711
GGB18559,-0.027980328935434923,0.019989947487907507,0.04797027642334243
GGB4600,-0.014592197098937412,0.03334097855247663,0.04793317565141404
GGB9082,-0.016997952305726583,-0.030882056201296124,0.0478800085070227
GGB2652,0.03039044912906752,-0.017378590833830317,0.04776903996289784
GGB4651,-0.01237656681643604,0.03491926661485833,0.04729583343129437
GGB4713,-0.03299088367522265,-0.013821847068792028,0.04681273074401467
GGB4700,-0.016495994197969308,-0.03016737548628209,0.0466633696842514
GGB4727,-0.02529558678528424,0.020910187395606253,0.04620577418089049
GGB101072,7.894598530062226e-05,-0.0460843083264905,0.04616325431179112
Butyricicoccus,-0.03428753608796488,0.011750533771762817,0.04603806985972769
GGB3636,-0.044615137108013,-0.001253033641612082,0.045868170749625084
Candidatus Cibionibacter,0.008666774232575244,0.036834747447572466,0.04550152168014771
GGB4599,-0.03742974087887391,0.007365502791571695,0.0447952436704456
GGB32726,0.0073055570388119336,-0.03744213279410547,0.04474768983291741
GGB13779,-0.029085672668276503,0.01564492944000369,0.0447306021082802
GGB9261,-0.0023748829959971468,-0.04212701627720383,0.04450189927320098
GGB4705,-0.018605033401207047,0.025816449849628734,0.04442148325083578
GGB12503,-0.02454159392486321,0.019522301857399497,0.044063895782262705
Brachyspira,-0.03351690762634875,0.009949897971316889,0.043466805597665636
GGB49540,-0.022374420727707466,0.020926165835911555,0.04330058656361902
GGB4698,-0.03283175311585574,0.010027853145646541,0.04285960626150228
GGB4659,-0.03931363208099243,0.0033687224544339707,0.0426823545354264
GGB3615,-0.007641813490697161,0.03416293767620586,0.04180475116690302
GGB9596,-0.02506944511735952,-0.01668495992547664,0.04175440504283616
GGB49554,-0.02091651407995186,0.020513124915591333,0.041429638995543194
Allisonella,0.03696013313557548,0.004398570453643009,0.04135870358921849
GGB4595,-0.017187230005366972,0.024107251297208473,0.041294481302575445
GGB4568,-0.03701176688011644,0.003941566386568178,0.04095333326668462
GGB49409,-0.03428584778874253,0.006639805872141979,0.040925653660884506
GGB3286,-0.008767569467438441,-0.03201210520673027,0.04077967467416871
GGB3751,-0.011042943852125101,-0.02880620448492545,0.03984914833705055
GGB100885,-0.017309408793620883,0.022399895291572047,0.03970930408519293
GGB3733,-0.006277299187475728,-0.03342541425578887,0.0397027134432646
GGB4658,-0.024829716569676273,0.014003754050111838,0.03883347061978811
GGB2734,-0.03333761764169824,-0.005059484472703033,0.038397102114401276
GGB4677,-0.021194277567447902,0.01713234138136194,0.03832661894880984
GGB4706,-0.01413102566079539,0.024002806692165663,0.038133832352961056
GGB33781,-0.029922430829272546,0.00820996295111498,0.038132393780387526
GGB6593,-0.02276253536706207,-0.014974583775395763,0.03773711914245783
GGB13147,-0.010803851561864001,-0.026818792973392118,0.03762264453525612
GGB4577,-0.024410030616782905,0.01320804972367038,0.03761808034045329
GGB13789,-0.0036897270583385764,0.03379971391809728,0.037489440976435855
GGB35068,-0.030732466749418024,0.0065901624195365376,0.03732262916895456
GGB3267,-0.029719771594356875,-0.007366312998886143,0.037086084593243016
GGB4602,0.006248601224447326,0.030728579352922007,0.03697718057736933
GGB4559,-0.020541102448636307,-0.016278001215453287,0.036819103664089595
GGB9779,-0.021611178996931747,0.014642380273714797,0.036253559270646545
GGB4653,-0.03156657109889681,-0.004653898649249814,0.03622046974814662
GGB4694,-0.01973725038345523,-0.01644699248287169,0.03618424286632692
GGB3278,0.023342481015466283,-0.012822052578083708,0.03616453359354999
GGB3859,-0.021818419384015898,-0.014286533936462925,0.03610495332047882
GGB141302,0.02627092657511031,-0.009807609119212624,0.036078535694322934
Prevotellamassilia,-0.020351601110418553,0.014878154878611336,0.03522975598902989
GGB4652,-0.024547679488111093,0.010542213918812961,0.035089893406924054
GGB4683,0.013930257718081448,-0.020739598031797864,0.03466985574987931
GGB4750,0.0015026455763572273,-0.03281719571287972,0.03431984128923695
GGB3277,-0.0039089184409214555,0.030403255560192567,0.03431217400111402
GGB99724,0.01519925019323501,0.019100787963057697,0.034300038156292706
GGB4549,-0.019493943671824304,-0.014777534505106481,0.034271478176930784
GGB4774,0.02716979490232472,-0.006909455586044309,0.03407925048836903
GGB74477,-0.023015108657183005,0.011055777271552937,0.034070885928735944
GGB3236,-0.014835199915744803,0.019228004508309523,0.034063204424054326
GGB4588,0.031033574056696264,0.0029714210486389996,0.034004995105335264
GGB9197,0.008070820960080658,-0.025806805392085977,0.03387762635216664
GGB13494,0.010173317663982745,-0.02349121985171243,0.033664537515695175
GGB4693,-0.0293487798530978,-0.004178950915577083,0.03352773076867488
GGB9637,0.0012720422006054478,-0.032186556282459824,0.033458598483065274
GGB1146,-0.02415315516753384,-0.009275813224748816,0.033428968392282654
GGB3739,-0.012826665930374969,0.02022792935388019,0.03305459528425516
Anaerovibrio,-0.013187176387661268,0.019695863928301666,0.03288304031596293
GGB52283,-0.025397339404662985,-0.007389835358965431,0.03278717476362841
GGB4695,-0.024885324328990845,0.00786400878072001,0.03274933310971086
GGB4710,-0.032555718958931654,-0.00010612319737359731,0.03266184215630525
GGB1148,-0.017550122341855632,0.014913373117731095,0.032463495459586725
Jutongia,0.018793008339483667,-0.013523564990943053,0.03231657333042672
GGB99810,-0.030109622805701484,0.0021452799805208654,0.032254902786222346
GGB4603,-0.004739914243304612,0.02715680665574167,0.031896720899046285
GGB53380,-0.0030383621422680395,-0.028670002330267626,0.031708364472535666
GGB4583,-0.00936461046059435,0.022319428689751567,0.03168403915034591
GGB9076,-0.007904523541598851,-0.023590290085509526,0.031494813627108376
GGB3730,-0.019766086342754424,-0.011612350332784939,0.03137843667553936
GGB13463,-0.027584994567152642,-0.0029053957096945777,0.03049039027684722
GGB9640,-0.004958867590334127,-0.02525624846714747,0.030215116057481596
GGB4655,-0.012953521106902751,0.016968047625040207,0.02992156873194296
GGB140717,-0.01501478726083273,0.014702591632144752,0.029717378892977483
GGB3752,-0.019885805367973613,0.009818442166036273,0.029704247534009888
GGB51647,-0.013030707633358047,-0.016001723090890565,0.02903243072424861
GGB4707,-0.01694825794304973,0.011723188103286163,0.028671446046335893
GGB51491,-0.0056015823167138885,0.0229448311651071,0.02854641348182099
GGB781,-0.026733320703702913,-0.0014036743048816962,0.02813699500858461
GGB9607,-0.01429299266395229,-0.013740418762753115,0.028033411426705405
GGB52252,-0.016300119703748808,0.011453977563536182,0.02775409726728499
GGB4585,-0.004985131335227215,-0.02269560235683739,0.027680733692064606
GGB9788,0.005539111164620863,-0.02197599991754431,0.027515111082165172
GGB4675,-0.017092879109700452,-0.009527931856346787,0.026620810966047237
GGB3617,-0.009854850607957752,-0.01671840325729669,0.026573253865254443
GGB4541,-0.0103048695512466,-0.015991905482098938,0.026296775033345536
GGB3593,-0.009879532770799417,0.016355795998331004,0.02623532876913042
GGB1617,-0.021215031470729506,-0.004922987155101959,0.026138018625831465
GGB31461,-0.018730459720945232,0.006985776109444272,0.025716235830389504
Jingyaoa,-0.007710525788519703,0.017944906544850692,0.025655432333370396
GGB4654,-0.01999112048097349,0.005380091626229251,0.025371212107202744
GGB3612,0.019397347717352634,0.005907488022970643,0.02530483574032328
GGB4689,-0.02062717576613851,0.0043941542767881635,0.025021330042926674
GGB3289,-0.016610156229044472,-0.008307337232500682,0.024917493461545155
Duodenibacillus,0.024536069197030178,8.099373746009198e-05,0.02461706293449027
Oxalobacter,0.010089626540397186,-0.014359568249624482,0.024449194790021667
GGB1093,-0.008577644803108055,-0.015841161843554916,0.02441880664666297
GGB4558,-0.010279516277085378,-0.014074209331523257,0.024353725608608635
GGB9784,0.003274663428806929,-0.021032706682433993,0.02430737011124092
GGB4584,-0.02038485616909403,-0.003811319162866892,0.02419617533196092
GGB1246,-0.02057408160415023,0.003322390547305775,0.023896472151456006
GGB39037,0.008700814574508796,-0.01511027215558563,0.023811086730094425
GGB4640,-0.01846135143220209,0.005232715984455946,0.023694067416658037
GGB3256,0.01293820046654632,-0.010640558085720226,0.023578758552266543
GGB4662,-0.013678137586782078,0.009597214288376964,0.023275351875159042
GGB1249,-0.018390543611032168,-0.0047839046372999405,0.02317444824833211
GGB4597,-0.017316870644870756,-0.005653543588230719,0.022970414233101474
GGB1633,-0.01556453298054396,-0.0073755378370152745,0.022940070817559235
GGB115571,-0.015554643606634251,-0.007267230214570778,0.02282187382120503
GGB9444,0.017860118535677254,-0.004906817254345604,0.022766935790022858
GGB13177,-0.007011524729361157,0.01551699934579182,0.02252852407515298
GGB1243,-0.0165376902116504,-0.005858849345585631,0.022396539557236028
GGB4591,-0.015171215052793384,0.006965191385165714,0.022136406437959097
GGB4605,0.0002775379172061191,0.02178896519919083,0.02206650311639695
GGB9278,0.0068887195072650275,-0.015066736086802325,0.021955455594067353
GGB4567,0.013832021411551262,0.00790439196676443,0.021736413378315694
GGB140995,-0.014962658676743854,0.005015744472647479,0.01997840314939133
GGB1123,-0.019481011017004786,-0.00023608466818019838,0.019717095685184986
GGB13646,-0.011216857898500176,0.008335578259904114,0.01955243615840429
GGB87378,0.0021163394864688076,0.017368489895373183,0.01948482938184199
GGB1380,-0.0011927852880369062,0.018095836027577698,0.019288621315614603
GGB3649,-0.011151010277053541,-0.007401642856888382,0.018552653133941922
GGB4587,-0.0023135865698731056,0.016173220499142316,0.018486807069015423
GGB3755,0.013270111146500518,0.005018357811668644,0.01828846895816916
GGB1615,-0.017783359714913537,0.00040118088139922444,0.018184540596312762
GGB101013,-0.016077545167094778,0.001913871137722142,0.017991416304816918
GGB52084,0.003990042651509295,-0.013915845099001822,0.017905887750511117
GGB9773,-0.017077176305766963,0.0005916689286927659,0.01766884523445973
GGB3142,0.014810138075636824,-0.002435258339637886,0.01724539641527471
GGB4661,-0.015576339598401554,0.001604719663010526,0.017181059261412078
GGB4708,-0.01712903567324707,1.694843493411625e-05,0.017145984108181186
GGB9760,-0.013699765709074335,-0.0029085920112369317,0.016608357720311266
GGB9243,-0.013714671247793242,0.0013070715369358492,0.015021742784729092
GGB3722,-0.0014062595391662134,0.013304434590558828,0.014710694129725041
GGB12695,-0.005277355366158383,-0.00935364858561859,0.014631003951776973
GGB38239,0.0022865227228819206,-0.01228931354532749,0.01457583626820941
GGB33665,0.014054270641485647,0.0002371879607678235,0.01429145860225347
GGB3176,0.013003365643693341,0.0012819532113199326,0.014285318855013274
GGB3281,0.004855527330143594,0.00918642928247832,0.014041956612621913
GGB3213,-0.008458505558496969,0.004631463055821485,0.013089968614318454
GGB4550,-0.01118581648708677,-0.0017573303081881483,0.012943146795274918
GGB4676,0.001478463717497089,-0.01143199988862111,0.0129104636061182
Pseudoruminococcus,0.0027389852687492305,-0.00963328902746488,0.012372274296214111
GGB9764,-0.010398021533027055,-0.0016981804931107186,0.012096202026137773
GGB3110,-0.004133189310789165,0.007817522130782647,0.011950711441571813
GGB143928,0.0008139682017302079,0.010936359055213323,0.01175032725694353
GGB3637,0.0015284899018013077,0.009394075825228302,0.01092256572702961
GGB4667,-0.006956113207564469,0.003601534318118741,0.01055764752568321
GGB3169,0.007365664027947209,0.0029743119350680086,0.010339975963015217
Mitsuokella,0.0014805015092367697,0.008299196652260199,0.009779698161496968
GGB9279,-0.006301534816712469,-0.0033526518675946605,0.009654186684307129
GGB4586,-0.002623903187823331,0.005805347685102688,0.008429250872926019
GGB47174,-0.001787547914750616,-0.006146490835751254,0.00793403875050187
GGB9081,0.0051426492864190005,-0.0021536825984590684,0.007296331884878069
GGB1405,-0.005380646588387258,0.001532289624111134,0.006912936212498392
GGB3343,0.001039147002452136,-0.004594344338920191,0.005633491341372327
GGB4546,0.0034229872571096723,-0.001834538020783222,0.005257525277892894
GGB3303,0.002054681428258776,-0.0030329920983567975,0.005087673526615573
GGB9059,-0.0025236812430616817,-0.0015533911313713206,0.004077072374433002
GGB9606,0.00028835559621068,-0.002533873722686105,0.0028222293188967847
GGB3616,-0.0010095131273022296,1.1911986563850865e-05,0.0010214251138660805
