SampleID,T2,Prediction T2,Q,Prediction Q,Combined Index,Combined Prediction,Lifestyle
36703_3#10,75.70209406047661,Urban,74.32197216578862,Rural,1.2190516405085026,Urban,Urban
36703_3#12,52.04521099773651,Rural,14.793565256415512,Rural,0.7904160293691117,Rural,Rural
36703_3#13,79.81163248909256,Urban,8.678264051438108,Rural,1.1937089242162993,Urban,Rural
36703_3#14,67.29567110525124,Rural,19.41413480246426,Rural,1.0224016211984919,Urban,Rural
36703_3#15,64.4000705138632,Rural,14.280729960676283,Rural,0.9727643634960313,Rural,Rural
36703_3#16,47.56727575630635,Rural,17.05766691744088,Rural,0.7270547802077115,Rural,Rural
36703_3#17,46.025174192848866,Rural,5.036156209649052,Rural,0.6884206757161737,Rural,Rural
36703_3#18,62.155160067980404,Rural,12.212282594944076,Rural,0.9367919746659006,Rural,Rural
36703_3#19,71.88322374424513,Urban,10.940551517660772,Rural,1.0792308059722846,Urban,Rural
36703_3#1,124.62306328628958,Urban,159.81113426216055,Rural,2.056041791726934,Urban,Urban
36703_3#21,43.9494062201323,Rural,18.167698892962722,Rural,0.6749185127494827,Rural,Rural
36703_3#22,33.84846091711253,Rural,17.960731130064694,Rural,0.5250136896902069,Rural,Rural
36703_3#23,53.64713296510566,Rural,16.831836853084713,Rural,0.8168237065376814,Rural,Rural
36703_3#24,38.353417652191574,Rural,18.340770720104274,Rural,0.5922482044424899,Rural,Rural
36703_3#25,41.325949499820304,Rural,16.648460966400034,Rural,0.6340597953034786,Rural,Rural
36703_3#26,56.88226799101828,Rural,13.416596263822033,Rural,0.8602624358699539,Rural,Rural
36703_3#27,39.14788128367838,Rural,22.3319632477692,Rural,0.6092594725813975,Rural,Rural
36703_3#28,46.06118571216368,Rural,13.406089137093959,Rural,0.6999477198448474,Rural,Rural
36703_3#29,36.35677863298414,Rural,19.35478713299059,Rural,0.5640023440235292,Rural,Rural
36703_3#2,88.3656949562936,Urban,79.79017366936263,Rural,1.4138294522205768,Urban,Urban
36703_3#30,42.4842870211416,Rural,4.206433221450232,Rural,0.634877014575378,Rural,Rural
36703_3#31,38.37954972995242,Rural,19.27803627230119,Rural,0.5938663802562106,Rural,Rural
36703_3#32,40.975510562541324,Rural,16.748407330530622,Rural,0.6289997526312736,Rural,Rural
36703_3#3,88.60162870170019,Urban,70.0455125737483,Rural,1.4045252885152284,Urban,Urban
36703_3#5,64.23997884852005,Rural,85.45969471558632,Rural,1.0638835782627514,Urban,Urban
36703_3#6,30.83268139123654,Rural,46.54341660145055,Rural,0.5178808903457164,Rural,Urban
36703_3#7,129.43548317069613,Urban,111.97682433966905,Rural,2.064503337562129,Urban,Urban
36703_3#8,137.71539837480637,Urban,122.9917001042096,Rural,2.201627620487523,Urban,Urban
36703_3#9,124.74735051064677,Urban,115.16523031399167,Rural,1.9992423117067109,Urban,Urban
37035_1#10,29.360934911051565,Rural,18.452004483605055,Rural,0.4591818248992948,Rural,Rural
37035_1#11,34.489102165185365,Rural,21.80778899155001,Rural,0.5395569547432301,Rural,Rural
37035_1#12,40.59861758509758,Rural,4.962940866381072,Rural,0.6079368032719867,Rural,Rural
37035_1#13,31.41411231315237,Rural,17.045978149750393,Rural,0.4877503417177744,Rural,Rural
37035_1#14,32.33794014164663,Rural,18.416592248019953,Rural,0.5032359531881894,Rural,Rural
37035_1#15,75.14884663660692,Urban,9.577742207920737,Rural,1.1258169631050061,Urban,Rural
37035_1#16,34.50578867586908,Rural,17.150500183227425,Rural,0.5336869787973726,Rural,Rural
37035_1#17,25.16213767520037,Rural,16.48313115786359,Rural,0.3943958127745246,Rural,Rural
37035_1#18,40.08080428868121,Rural,14.536497172901317,Rural,0.6128405315531775,Rural,Rural
37035_1#1,54.30656452905129,Rural,18.534424376119304,Rural,0.8288286492655857,Rural,Rural
37035_1#20,44.995072582090835,Rural,17.671396105041623,Rural,0.6897568890110668,Rural,Rural
37035_1#21,67.51995152261802,Urban,14.144108735908505,Rural,1.0188020852341424,Rural,Rural
37035_1#22,83.17750956757843,Urban,8.407373723776695,Rural,1.2432144154886344,Urban,Rural
37035_1#23,43.172596832375106,Rural,14.293085258925744,Rural,0.6583218921368923,Rural,Rural
37035_1#24,67.13324696668897,Rural,14.896915087388898,Rural,1.01406231834144,Rural,Rural
37035_1#25,38.45833062241362,Rural,13.299712061930876,Rural,0.5871811274667253,Rural,Rural
37035_1#26,38.60635042491694,Rural,5.937389346373663,Rural,0.5797037355975874,Rural,Rural
37035_1#27,39.55853133483995,Rural,7.723399163697624,Rural,0.5961549687703239,Rural,Rural
37035_1#29,80.83996640462716,Urban,68.81307426310839,Rural,1.2879271270881274,Urban,Urban
37035_1#2,69.88061827107784,Urban,12.746745978374557,Rural,1.0519370546853304,Urban,Rural
37035_1#30,93.91870459841188,Urban,126.879781764248,Rural,1.5579407546182515,Urban,Urban
37035_1#31,89.00522971747412,Urban,91.37785370395969,Rural,1.4385233292120785,Urban,Urban
37035_1#32,49.70626673201103,Rural,83.44998865046558,Rural,0.8459449857464674,Rural,Urban
37035_1#3,94.98458265315861,Urban,4.509943981037048,Rural,1.4130024410691626,Urban,Rural
37035_1#4,50.581604310288746,Rural,15.923281131961414,Rural,0.7702183486603114,Rural,Rural
37035_1#5,53.24152784560542,Rural,15.514754871636224,Rural,0.8090852342139545,Rural,Rural
37035_1#6,60.372488734338106,Rural,14.005699346450811,Rural,0.9127394919085453,Rural,Rural
37035_1#7,29.266316328791724,Rural,17.78496528495163,Rural,0.4569040381485925,Rural,Rural
37035_1#8,69.05612446188637,Urban,12.90430625038798,Rural,1.0399301505402496,Urban,Rural
37035_1#9,72.4204483263523,Urban,11.816366118184769,Rural,1.0883394700487452,Urban,Rural
37035_2#10,100.39305246133365,Urban,74.56177252872806,Rural,1.5851325396626497,Urban,Urban
37035_2#11,101.91950888659217,Urban,141.06357154942384,Rural,1.6950925995243113,Urban,Urban
37035_2#12,82.80091722138249,Urban,72.73626173734957,Rural,1.3221291344131711,Urban,Urban
37035_2#13,111.75314318985282,Urban,145.35819140257988,Rural,1.846406512055922,Urban,Urban
37035_2#14,80.26013335037162,Urban,101.49176374112673,Rural,1.3222597944062924,Urban,Urban
37035_2#15,158.62310923007269,Urban,136.99882357260879,Rural,2.529747236766005,Urban,Urban
37035_2#16,127.22623649881244,Urban,108.81387827052191,Rural,2.027621682264499,Urban,Urban
37035_2#17,114.52257772385413,Urban,96.20762051071699,Rural,1.8228749062396192,Urban,Urban
37035_2#18,132.07716467801555,Urban,100.61545931879503,Rural,2.0887138666117773,Urban,Urban
37035_2#19,152.54404401824172,Urban,139.20462923133445,Rural,2.4425906630579735,Urban,Urban
37035_2#1,111.29485680666288,Urban,162.31385828071518,Rural,1.8618881700040952,Urban,Urban
37035_2#20,147.61926338206214,Urban,119.69474397877383,Rural,2.3440106769617723,Urban,Urban
37035_2#21,82.90408918048553,Urban,129.77984823711105,Rural,1.3985820092222976,Urban,Urban
37035_2#23,86.7329680736393,Urban,95.35368029700035,Rural,1.4100846827244142,Urban,Urban
37035_2#24,79.92934871746898,Urban,65.8855247323635,Rural,1.2705922339469016,Urban,Urban
37035_2#25,107.9072221693227,Urban,72.87601076250807,Rural,1.6942314641116483,Urban,Urban
37035_2#26,127.22050647998515,Urban,76.34044394229285,Rural,1.984884218720194,Urban,Urban
37035_2#27,124.68529688273101,Urban,160.41513799847604,Rural,2.0577570404678562,Urban,Urban
37035_2#28,71.31637093742015,Urban,74.5347448778637,Rural,1.154362059536144,Urban,Urban
37035_2#29,115.66359115988043,Urban,109.59156974131092,Rural,1.8573568969733625,Urban,Urban
37035_2#2,126.27687495187777,Urban,140.63814279878503,Rural,2.055357989586417,Urban,Urban
37035_2#30,92.54350368962778,Urban,100.8153521106522,Rural,1.5033342539373777,Urban,Urban
37035_2#31,138.73192884988842,Urban,100.29882292812484,Rural,2.186880056146178,Urban,Urban
37035_2#32,112.17942633863291,Urban,114.66094878642284,Rural,1.8124017459180461,Urban,Urban
37035_2#3,114.19126488262974,Urban,89.49340749036092,Rural,1.8091480622745653,Urban,Urban
37035_2#4,130.00023502551963,Urban,131.3238863619162,Rural,2.098281041979349,Urban,Urban
37035_2#5,99.79899717462696,Urban,98.46150829702535,Rural,1.6077237113862963,Urban,Urban
37035_2#6,107.35873974177525,Urban,131.00755252311316,Rural,1.7624598737634205,Urban,Urban
37035_2#7,94.85903953073006,Urban,125.81641423036895,Rural,1.5704739590961945,Urban,Urban
37035_2#8,94.78980800409148,Urban,172.07680034182448,Rural,1.6302095799105178,Urban,Urban
37035_2#9,103.14979490211056,Urban,129.8438814921177,Rural,1.6985811390571344,Urban,Urban
37035_7#10,73.84406958526685,Urban,13.38813931242778,Rural,1.11149311599518,Urban,Rural
37035_7#11,53.95652266559233,Rural,12.724684231908979,Rural,0.8160123476557365,Rural,Rural
37035_7#12,44.86438775046402,Rural,14.037033971910896,Rural,0.6830473633829668,Rural,Rural
37035_7#13,52.77076004416979,Rural,12.958888981071354,Rural,0.7987543635573324,Rural,Rural
37035_7#14,32.18458150106644,Rural,19.90068000761803,Rural,0.5029134260763726,Rural,Rural
37035_7#15,43.25296867567439,Rural,5.605977870269281,Rural,0.6481023270086085,Rural,Rural
37035_7#16,66.22704532170629,Rural,11.911295659556249,Rural,0.9967165708601314,Rural,Rural
37035_7#17,46.207465340358425,Rural,14.052643721051071,Rural,0.7029638951922721,Rural,Rural
37035_7#19,41.26424353271407,Rural,17.103619390952925,Rural,0.633743530630852,Rural,Rural
37035_7#1,35.86031689087069,Rural,16.5986779420679,Rural,0.5530278377880409,Rural,Rural
37035_7#20,32.78153787608788,Rural,19.667867813303605,Rural,0.5114508048469701,Rural,Rural
37035_7#21,40.14561821208737,Rural,16.93093080253704,Rural,0.6169456639744557,Rural,Rural
37035_7#22,46.30862748555166,Rural,15.269934331383915,Rural,0.7060613503286668,Rural,Rural
37035_7#23,44.46907824832678,Rural,17.761597495653753,Rural,0.6820834111966803,Rural,Rural
37035_7#24,61.03562407196683,Rural,16.39373521963363,Rural,0.9256996109339697,Rural,Rural
37035_7#25,85.0276801176556,Urban,11.130732753164766,Rural,1.2741994230028577,Urban,Rural
37035_7#2,39.60200607562351,Rural,22.71838679522761,Rural,0.616494320389382,Rural,Rural
37035_7#3,49.02776030691624,Rural,22.02226613119259,Rural,0.7552108538135738,Rural,Rural
37035_7#4,41.87113862238585,Rural,19.352988301656183,Rural,0.6456883865149314,Rural,Rural
37035_7#5,63.44137855930223,Rural,16.343423243469942,Rural,0.9612717976143955,Rural,Rural
37035_7#6,78.43086156642755,Urban,10.244891920209936,Rural,1.175312219383647,Urban,Rural
37035_7#7,46.0800528450479,Rural,19.001169052909148,Rural,0.707576130714908,Rural,Rural
37035_7#8,69.9763518632363,Urban,12.857326657247816,Rural,1.053500472517192,Urban,Rural
37035_7#9,64.27898974495213,Rural,13.726656398746984,Rural,0.9702429481909153,Rural,Rural
37082_1#10,67.54668241871919,Urban,88.12173533923284,Rural,1.1163647769855378,Urban,Urban
37082_1#11,95.3512013383995,Urban,128.1410876118654,Rural,1.580818093146304,Urban,Urban
37082_1#12,142.20281294139053,Urban,99.57148740352272,Rural,2.2373415732660322,Urban,Urban
37082_1#13,102.81556254460828,Urban,81.34877950146142,Rural,1.6299334895860216,Urban,Urban
37082_1#14,85.19421900697365,Urban,62.43985214182894,Rural,1.3440590030069162,Urban,Urban
37082_1#15,104.26434776865231,Urban,96.25217187417763,Rural,1.670970466591099,Urban,Urban
37082_1#16,69.97306215167109,Urban,63.826943354705435,Rural,1.1203983289452744,Urban,Urban
37082_1#17,75.9307941512874,Urban,100.65726733419734,Rural,1.2570299244982843,Urban,Urban
37082_1#18,85.38342283242784,Urban,117.37184948843925,Rural,1.4190128438239684,Urban,Urban
37082_1#19,97.45997433252809,Urban,85.48390029580412,Rural,1.5560284101313182,Urban,Urban
37082_1#20,89.69389963757794,Urban,127.99004403474167,Rural,1.4968137939546229,Urban,Urban
37082_1#21,129.89394340430485,Urban,89.38383177002781,Rural,2.0416198491329203,Urban,Urban
37082_1#22,91.49519670879116,Urban,102.21313219163511,Rural,1.489640815195647,Urban,Urban
37082_1#23,126.60875252927707,Urban,126.1864484687599,Rural,2.0412926115180463,Urban,Urban
37082_1#24,81.39558600088775,Urban,106.32513870069191,Rural,1.345428565563248,Urban,Urban
37082_1#25,101.80530901019505,Urban,85.94306440787831,Rural,1.6210022489933062,Urban,Urban
37082_1#26,130.04164541946952,Urban,154.8556570933486,Rural,2.129802542133476,Urban,Urban
37082_1#27,101.64275118789038,Urban,96.54275193919955,Rural,1.6325164296474497,Urban,Urban
37082_1#28,88.455269866433,Urban,83.88572472912301,Rural,1.4205357388794775,Urban,Urban
37082_1#29,63.58221297765581,Rural,62.461989013441496,Rural,1.0239330094646728,Urban,Urban
37082_1#30,138.0431460102455,Urban,148.61952251667404,Rural,2.2401439333523863,Urban,Urban
37082_1#31,146.28228006539058,Urban,97.21474850443495,Rural,2.2946783360129523,Urban,Urban
37082_1#32,75.51449039521427,Urban,98.37918722812078,Rural,1.247870731852213,Urban,Urban
37082_1#9,81.2792213266677,Urban,100.12405063040518,Rural,1.3355598816130305,Urban,Urban
37082_2#10,80.14332378565202,Urban,132.01892769542047,Rural,1.3606256362891078,Urban,Urban
37082_2#11,82.10679329492842,Urban,108.2222933926431,Rural,1.3584560578619649,Urban,Urban
37082_2#12,107.74043287402742,Urban,154.65174438333622,Rural,1.7991699014561398,Urban,Urban
37082_2#13,85.22115337336452,Urban,128.98028917436667,Rural,1.4318562525528424,Urban,Urban
37082_2#14,71.58879657676388,Urban,121.81774153497281,Rural,1.2205020663772346,Urban,Urban
37082_2#15,79.16202809146893,Urban,75.58697172793515,Rural,1.2719677999372194,Urban,Urban
37082_2#16,34.563455443929314,Rural,19.292190361492775,Rural,0.5373542663794884,Rural,Rural
37082_2#17,27.492388424149222,Rural,17.937817654777472,Rural,0.43082626157629217,Rural,Rural
37082_2#18,34.0338699530843,Rural,20.826483649504276,Rural,0.5315243480088804,Rural,Rural
37082_2#19,43.99158551922884,Rural,15.81990849174115,Rural,0.6724596162914824,Rural,Rural
37082_2#1,90.98418450003848,Urban,135.8199141403935,Rural,1.5262119910034326,Urban,Urban
37082_2#20,56.654210518430176,Rural,19.123631665559444,Rural,0.8643800140407936,Rural,Rural
37082_2#21,43.63082069213545,Rural,17.109971543010786,Rural,0.6688097798865423,Rural,Rural
37082_2#22,23.981201917995723,Rural,19.677601901521225,Rural,0.38109752578733863,Rural,Rural
37082_2#23,72.42564983138514,Urban,10.96606179426009,Rural,1.0872996825664956,Urban,Rural
37082_2#24,44.20612582254694,Rural,21.839540592807346,Rural,0.6835443151566285,Rural,Rural
37082_2#25,35.15637394262991,Rural,19.650234652621087,Rural,0.546607895804105,Rural,Rural
37082_2#26,35.78759595252612,Rural,16.62367255020425,Rural,0.551983396699727,Rural,Rural
37082_2#27,44.88065886161506,Rural,17.196427495327878,Rural,0.6874381390085273,Rural,Rural
37082_2#28,53.85874194644402,Rural,16.64171553021394,Rural,0.8197087143018933,Rural,Rural
37082_2#29,45.36736309956557,Rural,19.577050829171792,Rural,0.6977749139955618,Rural,Rural
37082_2#2,69.6443235283321,Urban,89.76596318702154,Rural,1.1495983575461894,Urban,Urban
37082_2#30,43.00645645727228,Rural,15.53821042411216,Rural,0.6574961514968264,Rural,Rural
37082_2#31,38.9373240413327,Rural,17.147978260339933,Rural,0.5993313674845826,Rural,Rural
37082_2#32,45.649265845606514,Rural,15.241246434649456,Rural,0.6962560448458085,Rural,Rural
37082_2#3,80.31719075318735,Urban,99.14570984467555,Rural,1.3200235794361745,Urban,Urban
37082_2#5,63.69480198928652,Rural,90.36683138655333,Rural,1.0622527904003753,Urban,Urban
37082_2#6,114.49926902882159,Urban,111.48675001859863,Rural,1.8425981532649347,Urban,Urban
37082_2#7,68.63812049165112,Urban,100.2578224300455,Rural,1.148473352286665,Urban,Urban
37082_2#8,106.81861680101235,Urban,68.55656651135294,Rural,1.6724317051458935,Urban,Urban
37082_2#9,99.05283065386747,Urban,79.9390520669332,Rural,1.5723416609728467,Urban,Urban
37082_3#10,47.66867347977184,Rural,14.204106012842235,Rural,0.7248088215838773,Rural,Rural
37082_3#11,74.49580569022278,Urban,12.081195402165896,Rural,1.1194311587188228,Urban,Rural
37082_3#12,50.72393792087338,Rural,14.287228077793342,Rural,0.7701779531791287,Rural,Rural
37082_3#13,58.137952589607195,Rural,15.696645195761098,Rural,0.8818586008028937,Rural,Rural
37082_3#14,74.0099364853687,Urban,9.530854439874565,Rural,1.1088838362732618,Urban,Rural
37082_3#15,33.401947332609986,Rural,14.870469478060294,Rural,0.5143402073397486,Rural,Rural
37082_3#17,43.06606091570192,Rural,17.409837411666274,Rural,0.6608374261661298,Rural,Rural
37082_3#19,38.69636947779279,Rural,23.851292550028177,Rural,0.6045664644310537,Rural,Rural
37082_3#1,57.21813672272974,Rural,19.63147978104265,Rural,0.8734009200145502,Rural,Rural
37082_3#20,42.4952595830166,Rural,15.600631918645835,Rural,0.6500053918932447,Rural,Rural
37082_3#21,51.56736843077974,Rural,15.370171549544594,Rural,0.784094734002887,Rural,Rural
37082_3#22,27.305830023529605,Rural,15.655377288031973,Rural,0.4250647344454586,Rural,Rural
37082_3#23,35.81926858197945,Rural,18.966022570488033,Rural,0.5555291721727835,Rural,Rural
37082_3#24,41.94058799703462,Rural,18.29540687293122,Rural,0.6453281012155587,Rural,Rural
37082_3#25,67.69430796164978,Urban,12.441093525595894,Rural,1.0191481160848452,Rural,Rural
37082_3#26,48.03692504376827,Rural,19.216976367949393,Rural,0.7368482201596933,Rural,Rural
37082_3#27,33.087548238494016,Rural,12.758508385930286,Rural,0.5069087966937448,Rural,Rural
37082_3#28,64.70748424418046,Rural,11.90653913404045,Rural,0.9741999103120311,Rural,Rural
37082_3#29,24.49322449611363,Rural,17.120055578699326,Rural,0.38532326871726397,Rural,Rural
37082_3#2,51.39188147867882,Rural,18.189143109770693,Rural,0.7851977208333485,Rural,Rural
37082_3#30,52.10197586295613,Rural,21.978355681929937,Rural,0.8006938704588533,Rural,Rural
37082_3#31,42.569524035834505,Rural,16.797395317328842,Rural,0.6526774293852686,Rural,Rural
37082_3#32,79.55292732240744,Urban,11.846489007041502,Rural,1.1940378670080978,Urban,Rural
37082_3#3,33.65120922197941,Rural,12.763832309383796,Rural,0.5152657279631504,Rural,Rural
37082_3#4,66.90048638746372,Rural,13.737735239697017,Rural,1.0090917217970137,Rural,Rural
37082_3#5,78.28210007163283,Urban,11.473229911880448,Rural,1.174721876011753,Urban,Rural
37082_3#6,70.87668786490286,Urban,11.212775771471602,Rural,1.064677780934417,Urban,Rural
37082_3#7,37.06683470741429,Rural,16.98701400799976,Rural,0.5714109672717544,Rural,Rural
37082_3#8,28.445452564355513,Rural,16.17124137522676,Rural,0.4426243964191756,Rural,Rural
37082_3#9,45.63674333209622,Rural,16.807905496945654,Rural,0.6981282844759924,Rural,Rural
