Species,Sample,Contamination,Completeness
Ruminococcus_E bromii_B,36703_3#12,1.45413870246085,99.32885906040268
Bifidobacterium adolescentis,36703_3#12,0.0,0.0
Catenibacterium mitsuokai,36703_3#12,0.0,0.0
Eubacterium_R sp000433975,36703_3#12,0.0,0.0
Escherichia coli,36703_3#12,0.0,0.0
Coprococcus eutactus_A,36703_3#12,0.0,0.0
Ligilactobacillus ruminis,36703_3#12,0.0,0.0
Ruminococcus_E sp003526955,36703_3#12,0.0,0.0
UBA3375 sp900551955,36703_3#12,0.0,0.0
Treponema_D succinifaciens,36703_3#12,0.0,0.0
Treponema_D sp900541945,36703_3#12,0.0,0.0
Ruminococcus_E bromii_B,36703_3#13,2.684563758389262,96.64429530201342
Bifidobacterium adolescentis,36703_3#13,0.0,0.0
Catenibacterium mitsuokai,36703_3#13,0.0,0.0
Eubacterium_R sp000433975,36703_3#13,0.0,0.0
Escherichia coli,36703_3#13,0.0,0.0
Coprococcus eutactus_A,36703_3#13,0.0,0.0
Ligilactobacillus ruminis,36703_3#13,0.0,0.0
Ruminococcus_E sp003526955,36703_3#13,0.0,0.0
UBA3375 sp900551955,36703_3#13,0.0,0.0
Treponema_D succinifaciens,36703_3#13,0.0,0.0
Treponema_D sp900541945,36703_3#13,0.0,0.0
Ruminococcus_E bromii_B,36703_3#15,1.314317673378076,99.32885906040268
Bifidobacterium adolescentis,36703_3#15,0.22727272727272727,99.3939393939394
Catenibacterium mitsuokai,36703_3#15,0.0,0.0
Eubacterium_R sp000433975,36703_3#15,0.0,0.0
Escherichia coli,36703_3#15,0.0,0.0
Coprococcus eutactus_A,36703_3#15,0.0,0.0
Ligilactobacillus ruminis,36703_3#15,0.0,0.0
Ruminococcus_E sp003526955,36703_3#15,0.0,0.0
UBA3375 sp900551955,36703_3#15,0.0,0.0
Treponema_D succinifaciens,36703_3#15,0.0,0.0
Treponema_D sp900541945,36703_3#15,0.0,0.0
Ruminococcus_E bromii_B,36703_3#22,1.0677242220866383,99.32885906040268
Bifidobacterium adolescentis,36703_3#22,0.0,0.0
Catenibacterium mitsuokai,36703_3#22,1.9811320754716981,99.05660377358491
Eubacterium_R sp000433975,36703_3#22,0.5033557046979866,97.04850518608907
Escherichia coli,36703_3#22,0.0,0.0
Coprococcus eutactus_A,36703_3#22,0.0,0.0
Ligilactobacillus ruminis,36703_3#22,0.0,0.0
Ruminococcus_E sp003526955,36703_3#22,0.0,0.0
UBA3375 sp900551955,36703_3#22,0.0,0.0
Treponema_D succinifaciens,36703_3#22,0.0,0.0
Treponema_D sp900541945,36703_3#22,0.0,0.0
Ruminococcus_E bromii_B,36703_3#23,3.1879194630872485,98.65771812080537
Bifidobacterium adolescentis,36703_3#23,0.0,0.0
Catenibacterium mitsuokai,36703_3#23,0.0,0.0
Eubacterium_R sp000433975,36703_3#23,0.0,0.0
Escherichia coli,36703_3#23,0.0,0.0
Coprococcus eutactus_A,36703_3#23,0.0,0.0
Ligilactobacillus ruminis,36703_3#23,0.0,0.0
Ruminococcus_E sp003526955,36703_3#23,0.0,0.0
UBA3375 sp900551955,36703_3#23,0.0,0.0
Treponema_D succinifaciens,36703_3#23,0.0,0.0
Treponema_D sp900541945,36703_3#23,0.0,0.0
Ruminococcus_E bromii_B,36703_3#24,0.0,0.0
Bifidobacterium adolescentis,36703_3#24,0.0,0.0
Catenibacterium mitsuokai,36703_3#24,0.0,0.0
Eubacterium_R sp000433975,36703_3#24,0.0,0.0
Escherichia coli,36703_3#24,0.28526000748222974,99.96141975308642
Coprococcus eutactus_A,36703_3#24,0.0,0.0
Ligilactobacillus ruminis,36703_3#24,0.0,0.0
Ruminococcus_E sp003526955,36703_3#24,0.0,0.0
UBA3375 sp900551955,36703_3#24,0.0,0.0
Treponema_D succinifaciens,36703_3#24,0.0,0.0
Treponema_D sp900541945,36703_3#24,0.0,0.0
Ruminococcus_E bromii_B,36703_3#25,0.0,0.0
Bifidobacterium adolescentis,36703_3#25,0.0,0.0
Catenibacterium mitsuokai,36703_3#25,0.0,0.0
Eubacterium_R sp000433975,36703_3#25,0.0,0.0
Escherichia coli,36703_3#25,1.4454694935579044,99.96141975308642
Coprococcus eutactus_A,36703_3#25,0.0,0.0
Ligilactobacillus ruminis,36703_3#25,0.0,0.0
Ruminococcus_E sp003526955,36703_3#25,0.0,0.0
UBA3375 sp900551955,36703_3#25,0.0,0.0
Treponema_D succinifaciens,36703_3#25,0.0,0.0
Treponema_D sp900541945,36703_3#25,0.0,0.0
Ruminococcus_E bromii_B,36703_3#26,0.0,0.0
Bifidobacterium adolescentis,36703_3#26,0.0,0.0
Catenibacterium mitsuokai,36703_3#26,0.0,0.0
Eubacterium_R sp000433975,36703_3#26,0.0,0.0
Escherichia coli,36703_3#26,0.0,0.0
Coprococcus eutactus_A,36703_3#26,0.33557046979865773,96.64429530201342
Ligilactobacillus ruminis,36703_3#26,0.0,0.0
Ruminococcus_E sp003526955,36703_3#26,0.0,0.0
UBA3375 sp900551955,36703_3#26,0.0,0.0
Treponema_D succinifaciens,36703_3#26,0.0,0.0
Treponema_D sp900541945,36703_3#26,0.0,0.0
Ruminococcus_E bromii_B,36703_3#28,0.0,0.0
Bifidobacterium adolescentis,36703_3#28,0.0,0.0
Catenibacterium mitsuokai,36703_3#28,0.0,0.0
Eubacterium_R sp000433975,36703_3#28,0.0,0.0
Escherichia coli,36703_3#28,0.0,0.0
Coprococcus eutactus_A,36703_3#28,0.0,0.0
Ligilactobacillus ruminis,36703_3#28,4.161740696954343,98.68265495693296
Ruminococcus_E sp003526955,36703_3#28,0.0,0.0
UBA3375 sp900551955,36703_3#28,0.0,0.0
Treponema_D succinifaciens,36703_3#28,0.0,0.0
Treponema_D sp900541945,36703_3#28,0.0,0.0
Ruminococcus_E bromii_B,36703_3#30,0.0,0.0
Bifidobacterium adolescentis,36703_3#30,0.0,0.0
Catenibacterium mitsuokai,36703_3#30,0.0,0.0
Eubacterium_R sp000433975,36703_3#30,3.1319910514541385,95.25320317266626
Escherichia coli,36703_3#30,2.6914073804170426,98.70848030570254
Coprococcus eutactus_A,36703_3#30,0.0,0.0
Ligilactobacillus ruminis,36703_3#30,0.0,0.0
Ruminococcus_E sp003526955,36703_3#30,0.0,0.0
UBA3375 sp900551955,36703_3#30,0.0,0.0
Treponema_D succinifaciens,36703_3#30,0.0,0.0
Treponema_D sp900541945,36703_3#30,0.0,0.0
Ruminococcus_E bromii_B,36703_3#31,1.0067114093959733,99.32885906040268
Bifidobacterium adolescentis,36703_3#31,3.007575757575758,96.54040404040403
Catenibacterium mitsuokai,36703_3#31,0.0,0.0
Eubacterium_R sp000433975,36703_3#31,0.0,0.0
Escherichia coli,36703_3#31,0.0,0.0
Coprococcus eutactus_A,36703_3#31,0.0,0.0
Ligilactobacillus ruminis,36703_3#31,0.0,0.0
Ruminococcus_E sp003526955,36703_3#31,0.0,0.0
UBA3375 sp900551955,36703_3#31,0.0,0.0
Treponema_D succinifaciens,36703_3#31,0.0,0.0
Treponema_D sp900541945,36703_3#31,0.0,0.0
Ruminococcus_E bromii_B,37035_1#1,0.0,0.0
Bifidobacterium adolescentis,37035_1#1,0.0,0.0
Catenibacterium mitsuokai,37035_1#1,0.0,0.0
Eubacterium_R sp000433975,37035_1#1,0.0,0.0
Escherichia coli,37035_1#1,0.0,0.0
Coprococcus eutactus_A,37035_1#1,0.0,0.0
Ligilactobacillus ruminis,37035_1#1,0.0,0.0
Ruminococcus_E sp003526955,37035_1#1,1.901565995525727,98.65771812080537
UBA3375 sp900551955,37035_1#1,0.0,0.0
Treponema_D succinifaciens,37035_1#1,0.0,0.0
Treponema_D sp900541945,37035_1#1,0.0,0.0
Ruminococcus_E bromii_B,37035_1#11,0.0,0.0
Bifidobacterium adolescentis,37035_1#11,0.0,0.0
Catenibacterium mitsuokai,37035_1#11,0.0,0.0
Eubacterium_R sp000433975,37035_1#11,0.0,0.0
Escherichia coli,37035_1#11,4.371863561678377,97.31628453850676
Coprococcus eutactus_A,37035_1#11,0.0,0.0
Ligilactobacillus ruminis,37035_1#11,0.0,0.0
Ruminococcus_E sp003526955,37035_1#11,0.0,0.0
UBA3375 sp900551955,37035_1#11,0.0,0.0
Treponema_D succinifaciens,37035_1#11,0.0,0.0
Treponema_D sp900541945,37035_1#11,0.0,0.0
Ruminococcus_E bromii_B,37035_1#12,0.0,0.0
Bifidobacterium adolescentis,37035_1#12,0.0,0.0
Catenibacterium mitsuokai,37035_1#12,0.0,0.0
Eubacterium_R sp000433975,37035_1#12,0.33557046979865773,95.89688834655277
Escherichia coli,37035_1#12,4.697089041116624,96.90922760367205
Coprococcus eutactus_A,37035_1#12,0.0,0.0
Ligilactobacillus ruminis,37035_1#12,0.0,0.0
Ruminococcus_E sp003526955,37035_1#12,0.0,0.0
UBA3375 sp900551955,37035_1#12,0.0,95.87878787878788
Treponema_D succinifaciens,37035_1#12,0.0,0.0
Treponema_D sp900541945,37035_1#12,0.0,0.0
Ruminococcus_E bromii_B,37035_1#13,0.0,0.0
Bifidobacterium adolescentis,37035_1#13,0.0,0.0
Catenibacterium mitsuokai,37035_1#13,0.0,0.0
Eubacterium_R sp000433975,37035_1#13,0.0,0.0
Escherichia coli,37035_1#13,2.60917494713791,99.65277777777777
Coprococcus eutactus_A,37035_1#13,0.0,0.0
Ligilactobacillus ruminis,37035_1#13,0.0,0.0
Ruminococcus_E sp003526955,37035_1#13,0.0,0.0
UBA3375 sp900551955,37035_1#13,0.0,0.0
Treponema_D succinifaciens,37035_1#13,4.9825174825174825,100.0
Treponema_D sp900541945,37035_1#13,0.0,0.0
Ruminococcus_E bromii_B,37035_1#16,0.0,0.0
Bifidobacterium adolescentis,37035_1#16,0.0,0.0
Catenibacterium mitsuokai,37035_1#16,0.0,0.0
Eubacterium_R sp000433975,37035_1#16,0.0,0.0
Escherichia coli,37035_1#16,0.0,0.0
Coprococcus eutactus_A,37035_1#16,0.0,0.0
Ligilactobacillus ruminis,37035_1#16,0.0,0.0
Ruminococcus_E sp003526955,37035_1#16,1.174496644295302,98.65771812080537
UBA3375 sp900551955,37035_1#16,0.0,0.0
Treponema_D succinifaciens,37035_1#16,0.0,0.0
Treponema_D sp900541945,37035_1#16,0.0,0.0
Ruminococcus_E bromii_B,37035_1#17,1.6848434004474273,99.32885906040268
Bifidobacterium adolescentis,37035_1#17,0.0,0.0
Catenibacterium mitsuokai,37035_1#17,0.0,0.0
Eubacterium_R sp000433975,37035_1#17,1.0067114093959733,97.31543624161074
Escherichia coli,37035_1#17,0.0,0.0
Coprococcus eutactus_A,37035_1#17,0.0,0.0
Ligilactobacillus ruminis,37035_1#17,0.0,0.0
Ruminococcus_E sp003526955,37035_1#17,0.0,0.0
UBA3375 sp900551955,37035_1#17,1.3333333333333333,95.87878787878788
Treponema_D succinifaciens,37035_1#17,0.0,0.0
Treponema_D sp900541945,37035_1#17,0.0,0.0
Ruminococcus_E bromii_B,37035_1#18,1.5151515151515154,99.32885906040268
Bifidobacterium adolescentis,37035_1#18,0.0,0.0
Catenibacterium mitsuokai,37035_1#18,0.0,0.0
Eubacterium_R sp000433975,37035_1#18,0.0,0.0
Escherichia coli,37035_1#18,3.971897295166217,96.14197530864197
Coprococcus eutactus_A,37035_1#18,0.0,0.0
Ligilactobacillus ruminis,37035_1#18,0.0,0.0
Ruminococcus_E sp003526955,37035_1#18,0.0,0.0
UBA3375 sp900551955,37035_1#18,0.0,0.0
Treponema_D succinifaciens,37035_1#18,0.0,0.0
Treponema_D sp900541945,37035_1#18,0.0,0.0
Ruminococcus_E bromii_B,37035_1#22,0.6711409395973155,98.53187919463087
Bifidobacterium adolescentis,37035_1#22,0.0,0.0
Catenibacterium mitsuokai,37035_1#22,0.0,0.0
Eubacterium_R sp000433975,37035_1#22,0.0,0.0
Escherichia coli,37035_1#22,0.0,0.0
Coprococcus eutactus_A,37035_1#22,0.0,0.0
Ligilactobacillus ruminis,37035_1#22,0.0,0.0
Ruminococcus_E sp003526955,37035_1#22,0.0,0.0
UBA3375 sp900551955,37035_1#22,0.0,0.0
Treponema_D succinifaciens,37035_1#22,0.0,0.0
Treponema_D sp900541945,37035_1#22,0.0,0.0
Ruminococcus_E bromii_B,37035_1#25,1.342281879194631,99.32885906040268
Bifidobacterium adolescentis,37035_1#25,3.952020202020202,97.33585858585857
Catenibacterium mitsuokai,37035_1#25,0.0,0.0
Eubacterium_R sp000433975,37035_1#25,0.0,0.0
Escherichia coli,37035_1#25,0.0,0.0
Coprococcus eutactus_A,37035_1#25,0.0,0.0
Ligilactobacillus ruminis,37035_1#25,0.0,0.0
Ruminococcus_E sp003526955,37035_1#25,0.0,0.0
UBA3375 sp900551955,37035_1#25,0.0,0.0
Treponema_D succinifaciens,37035_1#25,0.0,0.0
Treponema_D sp900541945,37035_1#25,4.895104895104895,97.82439782439782
Ruminococcus_E bromii_B,37035_1#3,1.1325503355704698,99.32885906040268
Bifidobacterium adolescentis,37035_1#3,0.0,0.0
Catenibacterium mitsuokai,37035_1#3,0.0,0.0
Eubacterium_R sp000433975,37035_1#3,0.0,0.0
Escherichia coli,37035_1#3,0.0,0.0
Coprococcus eutactus_A,37035_1#3,2.237136465324385,99.16107382550335
Ligilactobacillus ruminis,37035_1#3,0.0,0.0
Ruminococcus_E sp003526955,37035_1#3,0.0,0.0
UBA3375 sp900551955,37035_1#3,0.0,0.0
Treponema_D succinifaciens,37035_1#3,0.0,0.0
Treponema_D sp900541945,37035_1#3,0.0,0.0
Ruminococcus_E bromii_B,37035_1#4,0.0,0.0
Bifidobacterium adolescentis,37035_1#4,0.0,0.0
Catenibacterium mitsuokai,37035_1#4,0.0,0.0
Eubacterium_R sp000433975,37035_1#4,0.0,0.0
Escherichia coli,37035_1#4,0.0,0.0
Coprococcus eutactus_A,37035_1#4,0.0,0.0
Ligilactobacillus ruminis,37035_1#4,0.0,0.0
Ruminococcus_E sp003526955,37035_1#4,0.0,0.0
UBA3375 sp900551955,37035_1#4,1.3333333333333333,95.87878787878788
Treponema_D succinifaciens,37035_1#4,0.0,0.0
Treponema_D sp900541945,37035_1#4,0.0,0.0
Ruminococcus_E bromii_B,37035_1#5,0.0,0.0
Bifidobacterium adolescentis,37035_1#5,0.0,0.0
Catenibacterium mitsuokai,37035_1#5,0.0,0.0
Eubacterium_R sp000433975,37035_1#5,0.0,0.0
Escherichia coli,37035_1#5,0.0,0.0
Coprococcus eutactus_A,37035_1#5,0.0,0.0
Ligilactobacillus ruminis,37035_1#5,1.3131227833136294,98.95287958115183
Ruminococcus_E sp003526955,37035_1#5,0.0,0.0
UBA3375 sp900551955,37035_1#5,0.0,0.0
Treponema_D succinifaciens,37035_1#5,0.0,0.0
Treponema_D sp900541945,37035_1#5,0.0,0.0
Ruminococcus_E bromii_B,37035_1#6,0.0,0.0
Bifidobacterium adolescentis,37035_1#6,0.0,0.0
Catenibacterium mitsuokai,37035_1#6,0.0,0.0
Eubacterium_R sp000433975,37035_1#6,0.0,0.0
Escherichia coli,37035_1#6,0.41887125220458554,99.96141975308642
Coprococcus eutactus_A,37035_1#6,0.0,0.0
Ligilactobacillus ruminis,37035_1#6,1.8935427574171029,97.73123909249563
Ruminococcus_E sp003526955,37035_1#6,0.0,0.0
UBA3375 sp900551955,37035_1#6,0.0,0.0
Treponema_D succinifaciens,37035_1#6,0.0,0.0
Treponema_D sp900541945,37035_1#6,0.0,0.0
Ruminococcus_E bromii_B,37035_1#8,0.0,0.0
Bifidobacterium adolescentis,37035_1#8,0.0,0.0
Catenibacterium mitsuokai,37035_1#8,0.0,0.0
Eubacterium_R sp000433975,37035_1#8,0.0,0.0
Escherichia coli,37035_1#8,0.0,0.0
Coprococcus eutactus_A,37035_1#8,0.0,0.0
Ligilactobacillus ruminis,37035_1#8,0.0,0.0
Ruminococcus_E sp003526955,37035_1#8,1.296522269676632,98.65771812080537
UBA3375 sp900551955,37035_1#8,0.0,0.0
Treponema_D succinifaciens,37035_1#8,0.0,0.0
Treponema_D sp900541945,37035_1#8,4.895104895104895,97.12509712509713
Ruminococcus_E bromii_B,37035_1#9,0.0,0.0
Bifidobacterium adolescentis,37035_1#9,0.0,0.0
Catenibacterium mitsuokai,37035_1#9,0.0,0.0
Eubacterium_R sp000433975,37035_1#9,0.0,0.0
Escherichia coli,37035_1#9,0.0,0.0
Coprococcus eutactus_A,37035_1#9,0.0,0.0
Ligilactobacillus ruminis,37035_1#9,0.3365744203440538,98.95287958115183
Ruminococcus_E sp003526955,37035_1#9,0.0,0.0
UBA3375 sp900551955,37035_1#9,0.0,0.0
Treponema_D succinifaciens,37035_1#9,0.0,0.0
Treponema_D sp900541945,37035_1#9,0.0,0.0
Ruminococcus_E bromii_B,37035_7#1,0.0,0.0
Bifidobacterium adolescentis,37035_7#1,3.4419191919191916,96.26010101010101
Catenibacterium mitsuokai,37035_7#1,0.0,0.0
Eubacterium_R sp000433975,37035_7#1,0.0,0.0
Escherichia coli,37035_7#1,0.0,0.0
Coprococcus eutactus_A,37035_7#1,0.0,0.0
Ligilactobacillus ruminis,37035_7#1,0.0,0.0
Ruminococcus_E sp003526955,37035_7#1,0.0,0.0
UBA3375 sp900551955,37035_7#1,0.0,0.0
Treponema_D succinifaciens,37035_7#1,0.0,0.0
Treponema_D sp900541945,37035_7#1,0.0,0.0
Ruminococcus_E bromii_B,37035_7#10,4.418344519015659,97.98657718120805
Bifidobacterium adolescentis,37035_7#10,0.0,0.0
Catenibacterium mitsuokai,37035_7#10,0.0,0.0
Eubacterium_R sp000433975,37035_7#10,0.0,0.0
Escherichia coli,37035_7#10,0.0,0.0
Coprococcus eutactus_A,37035_7#10,0.0,0.0
Ligilactobacillus ruminis,37035_7#10,0.0,0.0
Ruminococcus_E sp003526955,37035_7#10,0.0,0.0
UBA3375 sp900551955,37035_7#10,0.0,0.0
Treponema_D succinifaciens,37035_7#10,0.0,0.0
Treponema_D sp900541945,37035_7#10,0.0,0.0
Ruminococcus_E bromii_B,37035_7#14,0.0,0.0
Bifidobacterium adolescentis,37035_7#14,0.0,0.0
Catenibacterium mitsuokai,37035_7#14,0.0,0.0
Eubacterium_R sp000433975,37035_7#14,0.0,0.0
Escherichia coli,37035_7#14,0.0,0.0
Coprococcus eutactus_A,37035_7#14,0.0,0.0
Ligilactobacillus ruminis,37035_7#14,0.0,0.0
Ruminococcus_E sp003526955,37035_7#14,0.0,0.0
UBA3375 sp900551955,37035_7#14,0.0,0.0
Treponema_D succinifaciens,37035_7#14,1.4423076923076923,100.0
Treponema_D sp900541945,37035_7#14,0.0,0.0
Ruminococcus_E bromii_B,37035_7#16,0.0,0.0
Bifidobacterium adolescentis,37035_7#16,0.0,0.0
Catenibacterium mitsuokai,37035_7#16,0.0,0.0
Eubacterium_R sp000433975,37035_7#16,0.0,0.0
Escherichia coli,37035_7#16,0.0,0.0
Coprococcus eutactus_A,37035_7#16,0.0,0.0
Ligilactobacillus ruminis,37035_7#16,0.0,0.0
Ruminococcus_E sp003526955,37035_7#16,0.6921140939597316,96.64429530201342
UBA3375 sp900551955,37035_7#16,0.0,0.0
Treponema_D succinifaciens,37035_7#16,0.0,0.0
Treponema_D sp900541945,37035_7#16,0.0,0.0
Ruminococcus_E bromii_B,37035_7#18,0.0,0.0
Bifidobacterium adolescentis,37035_7#18,0.0,0.0
Catenibacterium mitsuokai,37035_7#18,0.0,0.0
Eubacterium_R sp000433975,37035_7#18,0.0,0.0
Escherichia coli,37035_7#18,0.0,0.0
Coprococcus eutactus_A,37035_7#18,0.0,0.0
Ligilactobacillus ruminis,37035_7#18,0.0,98.95287958115183
Ruminococcus_E sp003526955,37035_7#18,0.0,0.0
UBA3375 sp900551955,37035_7#18,0.0,0.0
Treponema_D succinifaciens,37035_7#18,0.0,0.0
Treponema_D sp900541945,37035_7#18,0.0,0.0
Ruminococcus_E bromii_B,37035_7#19,0.0,0.0
Bifidobacterium adolescentis,37035_7#19,0.0,0.0
Catenibacterium mitsuokai,37035_7#19,0.0,0.0
Eubacterium_R sp000433975,37035_7#19,0.0,0.0
Escherichia coli,37035_7#19,0.7744006083378064,99.96141975308642
Coprococcus eutactus_A,37035_7#19,0.0,0.0
Ligilactobacillus ruminis,37035_7#19,0.0,0.0
Ruminococcus_E sp003526955,37035_7#19,0.0,0.0
UBA3375 sp900551955,37035_7#19,2.787878787878788,95.87878787878788
Treponema_D succinifaciens,37035_7#19,0.0,0.0
Treponema_D sp900541945,37035_7#19,0.0,0.0
Ruminococcus_E bromii_B,37035_7#2,1.342281879194631,97.98657718120805
Bifidobacterium adolescentis,37035_7#2,0.0,0.0
Catenibacterium mitsuokai,37035_7#2,0.0,0.0
Eubacterium_R sp000433975,37035_7#2,0.0,0.0
Escherichia coli,37035_7#2,0.0,0.0
Coprococcus eutactus_A,37035_7#2,0.0,0.0
Ligilactobacillus ruminis,37035_7#2,0.0,0.0
Ruminococcus_E sp003526955,37035_7#2,0.0,0.0
UBA3375 sp900551955,37035_7#2,0.0,0.0
Treponema_D succinifaciens,37035_7#2,0.0,0.0
Treponema_D sp900541945,37035_7#2,1.7482517482517483,96.30924630924632
Ruminococcus_E bromii_B,37035_7#20,0.0,0.0
Bifidobacterium adolescentis,37035_7#20,0.0,0.0
Catenibacterium mitsuokai,37035_7#20,0.0,0.0
Eubacterium_R sp000433975,37035_7#20,0.0,0.0
Escherichia coli,37035_7#20,0.0,0.0
Coprococcus eutactus_A,37035_7#20,0.0,0.0
Ligilactobacillus ruminis,37035_7#20,0.0,0.0
Ruminococcus_E sp003526955,37035_7#20,0.0,0.0
UBA3375 sp900551955,37035_7#20,0.0,0.0
Treponema_D succinifaciens,37035_7#20,0.0,0.0
Treponema_D sp900541945,37035_7#20,0.6993006993006993,96.42579642579642
Ruminococcus_E bromii_B,37035_7#21,0.0,0.0
Bifidobacterium adolescentis,37035_7#21,0.0,0.0
Catenibacterium mitsuokai,37035_7#21,0.0,0.0
Eubacterium_R sp000433975,37035_7#21,0.0,0.0
Escherichia coli,37035_7#21,1.1333152667693729,99.96141975308642
Coprococcus eutactus_A,37035_7#21,0.0,0.0
Ligilactobacillus ruminis,37035_7#21,0.0,0.0
Ruminococcus_E sp003526955,37035_7#21,0.0,0.0
UBA3375 sp900551955,37035_7#21,2.6666666666666665,95.87878787878788
Treponema_D succinifaciens,37035_7#21,0.0,0.0
Treponema_D sp900541945,37035_7#21,0.0,0.0
Ruminococcus_E bromii_B,37035_7#24,0.0,0.0
Bifidobacterium adolescentis,37035_7#24,0.0,0.0
Catenibacterium mitsuokai,37035_7#24,0.0,0.0
Eubacterium_R sp000433975,37035_7#24,0.0,0.0
Escherichia coli,37035_7#24,0.0,0.0
Coprococcus eutactus_A,37035_7#24,0.0,0.0
Ligilactobacillus ruminis,37035_7#24,0.0,98.95287958115183
Ruminococcus_E sp003526955,37035_7#24,0.0,0.0
UBA3375 sp900551955,37035_7#24,0.0,0.0
Treponema_D succinifaciens,37035_7#24,0.0,0.0
Treponema_D sp900541945,37035_7#24,0.0,0.0
Ruminococcus_E bromii_B,37035_7#25,0.0,0.0
Bifidobacterium adolescentis,37035_7#25,0.0,0.0
Catenibacterium mitsuokai,37035_7#25,0.0,0.0
Eubacterium_R sp000433975,37035_7#25,0.0,0.0
Escherichia coli,37035_7#25,2.8097017046292403,96.19739057239057
Coprococcus eutactus_A,37035_7#25,0.0,0.0
Ligilactobacillus ruminis,37035_7#25,0.0,0.0
Ruminococcus_E sp003526955,37035_7#25,0.0,0.0
UBA3375 sp900551955,37035_7#25,0.0,0.0
Treponema_D succinifaciens,37035_7#25,0.0,0.0
Treponema_D sp900541945,37035_7#25,0.0,0.0
Ruminococcus_E bromii_B,37035_7#4,0.0,0.0
Bifidobacterium adolescentis,37035_7#4,0.0,0.0
Catenibacterium mitsuokai,37035_7#4,0.0,0.0
Eubacterium_R sp000433975,37035_7#4,0.0,0.0
Escherichia coli,37035_7#4,0.0,0.0
Coprococcus eutactus_A,37035_7#4,0.0,0.0
Ligilactobacillus ruminis,37035_7#4,0.0,0.0
Ruminococcus_E sp003526955,37035_7#4,1.6778523489932886,98.38926174496645
UBA3375 sp900551955,37035_7#4,0.0,0.0
Treponema_D succinifaciens,37035_7#4,0.0,0.0
Treponema_D sp900541945,37035_7#4,0.0,0.0
Ruminococcus_E bromii_B,37035_7#6,0.0,0.0
Bifidobacterium adolescentis,37035_7#6,0.0,0.0
Catenibacterium mitsuokai,37035_7#6,0.0,0.0
Eubacterium_R sp000433975,37035_7#6,0.0,0.0
Escherichia coli,37035_7#6,0.0,0.0
Coprococcus eutactus_A,37035_7#6,0.8961256863941428,95.30201342281879
Ligilactobacillus ruminis,37035_7#6,0.0,0.0
Ruminococcus_E sp003526955,37035_7#6,0.0,0.0
UBA3375 sp900551955,37035_7#6,0.0,0.0
Treponema_D succinifaciens,37035_7#6,0.0,0.0
Treponema_D sp900541945,37035_7#6,0.0,0.0
Ruminococcus_E bromii_B,37035_7#7,1.901565995525727,97.0008389261745
Bifidobacterium adolescentis,37035_7#7,0.0,0.0
Catenibacterium mitsuokai,37035_7#7,0.0,0.0
Eubacterium_R sp000433975,37035_7#7,0.0,0.0
Escherichia coli,37035_7#7,0.0,0.0
Coprococcus eutactus_A,37035_7#7,4.697986577181208,99.32885906040268
Ligilactobacillus ruminis,37035_7#7,0.0,0.0
Ruminococcus_E sp003526955,37035_7#7,0.0,0.0
UBA3375 sp900551955,37035_7#7,0.0,0.0
Treponema_D succinifaciens,37035_7#7,0.0,0.0
Treponema_D sp900541945,37035_7#7,0.0,0.0
Ruminococcus_E bromii_B,37082_2#16,0.0,0.0
Bifidobacterium adolescentis,37082_2#16,0.0,0.0
Catenibacterium mitsuokai,37082_2#16,0.0,0.0
Eubacterium_R sp000433975,37082_2#16,0.0,0.0
Escherichia coli,37082_2#16,3.5990338536634834,97.99639917695472
Coprococcus eutactus_A,37082_2#16,0.0,0.0
Ligilactobacillus ruminis,37082_2#16,0.0,0.0
Ruminococcus_E sp003526955,37082_2#16,0.0,0.0
UBA3375 sp900551955,37082_2#16,0.0,95.87878787878788
Treponema_D succinifaciens,37082_2#16,1.2237762237762237,96.47852147852149
Treponema_D sp900541945,37082_2#16,0.0,0.0
Ruminococcus_E bromii_B,37082_2#17,0.0,0.0
Bifidobacterium adolescentis,37082_2#17,0.0,0.0
Catenibacterium mitsuokai,37082_2#17,0.0,0.0
Eubacterium_R sp000433975,37082_2#17,0.0,0.0
Escherichia coli,37082_2#17,3.3111384500273386,96.19219086811681
Coprococcus eutactus_A,37082_2#17,0.0,0.0
Ligilactobacillus ruminis,37082_2#17,0.0,0.0
Ruminococcus_E sp003526955,37082_2#17,0.0,0.0
UBA3375 sp900551955,37082_2#17,0.0,0.0
Treponema_D succinifaciens,37082_2#17,0.0,0.0
Treponema_D sp900541945,37082_2#17,0.6993006993006993,98.52369852369853
Ruminococcus_E bromii_B,37082_2#18,0.0,0.0
Bifidobacterium adolescentis,37082_2#18,0.0,0.0
Catenibacterium mitsuokai,37082_2#18,0.0,0.0
Eubacterium_R sp000433975,37082_2#18,0.0,0.0
Escherichia coli,37082_2#18,0.0,0.0
Coprococcus eutactus_A,37082_2#18,0.0,0.0
Ligilactobacillus ruminis,37082_2#18,0.0,0.0
Ruminococcus_E sp003526955,37082_2#18,0.33557046979865773,98.65771812080537
UBA3375 sp900551955,37082_2#18,1.3333333333333333,95.87878787878788
Treponema_D succinifaciens,37082_2#18,0.0,0.0
Treponema_D sp900541945,37082_2#18,0.0,0.0
Ruminococcus_E bromii_B,37082_2#20,2.348993288590604,99.32885906040268
Bifidobacterium adolescentis,37082_2#20,0.0,0.0
Catenibacterium mitsuokai,37082_2#20,0.0,0.0
Eubacterium_R sp000433975,37082_2#20,0.0,0.0
Escherichia coli,37082_2#20,0.0,0.0
Coprococcus eutactus_A,37082_2#20,0.0,0.0
Ligilactobacillus ruminis,37082_2#20,0.0,0.0
Ruminococcus_E sp003526955,37082_2#20,0.0,0.0
UBA3375 sp900551955,37082_2#20,0.0,0.0
Treponema_D succinifaciens,37082_2#20,0.0,0.0
Treponema_D sp900541945,37082_2#20,0.0,0.0
Ruminococcus_E bromii_B,37082_2#21,0.0,0.0
Bifidobacterium adolescentis,37082_2#21,0.0,0.0
Catenibacterium mitsuokai,37082_2#21,0.0,0.0
Eubacterium_R sp000433975,37082_2#21,0.0,0.0
Escherichia coli,37082_2#21,0.0,0.0
Coprococcus eutactus_A,37082_2#21,0.0,0.0
Ligilactobacillus ruminis,37082_2#21,0.0,0.0
Ruminococcus_E sp003526955,37082_2#21,0.0,0.0
UBA3375 sp900551955,37082_2#21,0.0,0.0
Treponema_D succinifaciens,37082_2#21,1.486013986013986,100.0
Treponema_D sp900541945,37082_2#21,0.0,0.0
Ruminococcus_E bromii_B,37082_2#22,0.0,0.0
Bifidobacterium adolescentis,37082_2#22,3.9671717171717176,99.0909090909091
Catenibacterium mitsuokai,37082_2#22,0.0,0.0
Eubacterium_R sp000433975,37082_2#22,0.0,0.0
Escherichia coli,37082_2#22,0.0,0.0
Coprococcus eutactus_A,37082_2#22,0.0,0.0
Ligilactobacillus ruminis,37082_2#22,0.0,0.0
Ruminococcus_E sp003526955,37082_2#22,0.0,0.0
UBA3375 sp900551955,37082_2#22,0.0,0.0
Treponema_D succinifaciens,37082_2#22,0.0,0.0
Treponema_D sp900541945,37082_2#22,0.0,0.0
Ruminococcus_E bromii_B,37082_2#23,3.3557046979865772,97.31543624161074
Bifidobacterium adolescentis,37082_2#23,0.0,0.0
Catenibacterium mitsuokai,37082_2#23,0.0,0.0
Eubacterium_R sp000433975,37082_2#23,0.0,97.31543624161074
Escherichia coli,37082_2#23,0.0,0.0
Coprococcus eutactus_A,37082_2#23,0.0,0.0
Ligilactobacillus ruminis,37082_2#23,0.0,0.0
Ruminococcus_E sp003526955,37082_2#23,0.0,0.0
UBA3375 sp900551955,37082_2#23,0.0,0.0
Treponema_D succinifaciens,37082_2#23,0.0,0.0
Treponema_D sp900541945,37082_2#23,0.0,0.0
Ruminococcus_E bromii_B,37082_2#24,0.0,0.0
Bifidobacterium adolescentis,37082_2#24,0.0,0.0
Catenibacterium mitsuokai,37082_2#24,0.0,0.0
Eubacterium_R sp000433975,37082_2#24,0.0,0.0
Escherichia coli,37082_2#24,0.0,0.0
Coprococcus eutactus_A,37082_2#24,0.0,0.0
Ligilactobacillus ruminis,37082_2#24,0.0,0.0
Ruminococcus_E sp003526955,37082_2#24,0.33557046979865773,98.65771812080537
UBA3375 sp900551955,37082_2#24,0.0,0.0
Treponema_D succinifaciens,37082_2#24,0.0,0.0
Treponema_D sp900541945,37082_2#24,0.0,0.0
Ruminococcus_E bromii_B,37082_2#26,2.266498881431767,98.11241610738254
Bifidobacterium adolescentis,37082_2#26,0.0,0.0
Catenibacterium mitsuokai,37082_2#26,0.0,0.0
Eubacterium_R sp000433975,37082_2#26,0.0,0.0
Escherichia coli,37082_2#26,0.0,0.0
Coprococcus eutactus_A,37082_2#26,0.0,0.0
Ligilactobacillus ruminis,37082_2#26,0.0,0.0
Ruminococcus_E sp003526955,37082_2#26,0.0,0.0
UBA3375 sp900551955,37082_2#26,0.0,0.0
Treponema_D succinifaciens,37082_2#26,0.0,0.0
Treponema_D sp900541945,37082_2#26,0.0,0.0
Ruminococcus_E bromii_B,37082_2#27,0.0,0.0
Bifidobacterium adolescentis,37082_2#27,0.0,0.0
Catenibacterium mitsuokai,37082_2#27,2.118353344768439,97.16981132075472
Eubacterium_R sp000433975,37082_2#27,0.0,0.0
Escherichia coli,37082_2#27,0.0,0.0
Coprococcus eutactus_A,37082_2#27,0.0,0.0
Ligilactobacillus ruminis,37082_2#27,0.13089005235602094,98.95287958115183
Ruminococcus_E sp003526955,37082_2#27,0.0,0.0
UBA3375 sp900551955,37082_2#27,0.0,0.0
Treponema_D succinifaciens,37082_2#27,0.0,0.0
Treponema_D sp900541945,37082_2#27,0.0,0.0
Ruminococcus_E bromii_B,37082_2#30,1.0677242220866383,99.32885906040268
Bifidobacterium adolescentis,37082_2#30,0.0,0.0
Catenibacterium mitsuokai,37082_2#30,0.0,0.0
Eubacterium_R sp000433975,37082_2#30,0.0,0.0
Escherichia coli,37082_2#30,0.0,0.0
Coprococcus eutactus_A,37082_2#30,0.0,0.0
Ligilactobacillus ruminis,37082_2#30,0.0,0.0
Ruminococcus_E sp003526955,37082_2#30,0.0,0.0
UBA3375 sp900551955,37082_2#30,0.0,0.0
Treponema_D succinifaciens,37082_2#30,0.0,0.0
Treponema_D sp900541945,37082_2#30,0.0,0.0
Ruminococcus_E bromii_B,37082_3#1,1.0067114093959733,99.32885906040268
Bifidobacterium adolescentis,37082_3#1,0.0,0.0
Catenibacterium mitsuokai,37082_3#1,0.0,100.0
Eubacterium_R sp000433975,37082_3#1,0.0,0.0
Escherichia coli,37082_3#1,0.0,0.0
Coprococcus eutactus_A,37082_3#1,0.0,0.0
Ligilactobacillus ruminis,37082_3#1,0.0,0.0
Ruminococcus_E sp003526955,37082_3#1,0.0,0.0
UBA3375 sp900551955,37082_3#1,0.0,0.0
Treponema_D succinifaciens,37082_3#1,0.0,0.0
Treponema_D sp900541945,37082_3#1,0.0,0.0
Ruminococcus_E bromii_B,37082_3#12,2.0134228187919465,99.32885906040268
Bifidobacterium adolescentis,37082_3#12,0.0,0.0
Catenibacterium mitsuokai,37082_3#12,1.8867924528301887,99.05660377358491
Eubacterium_R sp000433975,37082_3#12,0.0,97.31543624161074
Escherichia coli,37082_3#12,0.0,0.0
Coprococcus eutactus_A,37082_3#12,0.0,0.0
Ligilactobacillus ruminis,37082_3#12,0.0,0.0
Ruminococcus_E sp003526955,37082_3#12,0.0,0.0
UBA3375 sp900551955,37082_3#12,0.0,95.87878787878788
Treponema_D succinifaciens,37082_3#12,0.0,0.0
Treponema_D sp900541945,37082_3#12,0.0,0.0
Ruminococcus_E bromii_B,37082_3#13,0.0,0.0
Bifidobacterium adolescentis,37082_3#13,0.0,0.0
Catenibacterium mitsuokai,37082_3#13,0.0,0.0
Eubacterium_R sp000433975,37082_3#13,0.0,0.0
Escherichia coli,37082_3#13,0.0,0.0
Coprococcus eutactus_A,37082_3#13,0.0,0.0
Ligilactobacillus ruminis,37082_3#13,0.0,0.0
Ruminococcus_E sp003526955,37082_3#13,0.0,0.0
UBA3375 sp900551955,37082_3#13,0.0,0.0
Treponema_D succinifaciens,37082_3#13,4.895104895104895,97.9020979020979
Treponema_D sp900541945,37082_3#13,0.0,0.0
Ruminococcus_E bromii_B,37082_3#14,0.6711409395973155,99.32885906040268
Bifidobacterium adolescentis,37082_3#14,0.0,0.0
Catenibacterium mitsuokai,37082_3#14,0.0,0.0
Eubacterium_R sp000433975,37082_3#14,0.0,0.0
Escherichia coli,37082_3#14,0.0,0.0
Coprococcus eutactus_A,37082_3#14,0.0,0.0
Ligilactobacillus ruminis,37082_3#14,0.0,0.0
Ruminococcus_E sp003526955,37082_3#14,0.0,0.0
UBA3375 sp900551955,37082_3#14,0.0,0.0
Treponema_D succinifaciens,37082_3#14,0.0,0.0
Treponema_D sp900541945,37082_3#14,0.0,0.0
Ruminococcus_E bromii_B,37082_3#17,0.0,0.0
Bifidobacterium adolescentis,37082_3#17,0.0,0.0
Catenibacterium mitsuokai,37082_3#17,0.0,0.0
Eubacterium_R sp000433975,37082_3#17,0.0,0.0
Escherichia coli,37082_3#17,0.0,0.0
Coprococcus eutactus_A,37082_3#17,0.0,0.0
Ligilactobacillus ruminis,37082_3#17,0.0,0.0
Ruminococcus_E sp003526955,37082_3#17,0.0,0.0
UBA3375 sp900551955,37082_3#17,2.6666666666666665,95.87878787878788
Treponema_D succinifaciens,37082_3#17,0.0,0.0
Treponema_D sp900541945,37082_3#17,0.0,0.0
Ruminococcus_E bromii_B,37082_3#2,1.153523489932886,99.32885906040268
Bifidobacterium adolescentis,37082_3#2,0.0,0.0
Catenibacterium mitsuokai,37082_3#2,0.0,0.0
Eubacterium_R sp000433975,37082_3#2,0.0,0.0
Escherichia coli,37082_3#2,0.0,0.0
Coprococcus eutactus_A,37082_3#2,0.0,0.0
Ligilactobacillus ruminis,37082_3#2,0.0,0.0
Ruminococcus_E sp003526955,37082_3#2,0.0,0.0
UBA3375 sp900551955,37082_3#2,0.0,0.0
Treponema_D succinifaciens,37082_3#2,0.0,0.0
Treponema_D sp900541945,37082_3#2,0.0,0.0
Ruminococcus_E bromii_B,37082_3#20,0.0,0.0
Bifidobacterium adolescentis,37082_3#20,0.0,0.0
Catenibacterium mitsuokai,37082_3#20,2.3299028016009147,100.0
Eubacterium_R sp000433975,37082_3#20,0.0,0.0
Escherichia coli,37082_3#20,0.0,0.0
Coprococcus eutactus_A,37082_3#20,0.0,0.0
Ligilactobacillus ruminis,37082_3#20,0.1745200698080279,98.95287958115183
Ruminococcus_E sp003526955,37082_3#20,0.0,0.0
UBA3375 sp900551955,37082_3#20,0.0,0.0
Treponema_D succinifaciens,37082_3#20,0.0,0.0
Treponema_D sp900541945,37082_3#20,0.0,0.0
Ruminococcus_E bromii_B,37082_3#21,1.174496644295302,99.32885906040268
Bifidobacterium adolescentis,37082_3#21,0.0,0.0
Catenibacterium mitsuokai,37082_3#21,4.245283018867925,100.0
Eubacterium_R sp000433975,37082_3#21,0.0,0.0
Escherichia coli,37082_3#21,0.0,0.0
Coprococcus eutactus_A,37082_3#21,0.0,0.0
Ligilactobacillus ruminis,37082_3#21,0.0,0.0
Ruminococcus_E sp003526955,37082_3#21,0.0,0.0
UBA3375 sp900551955,37082_3#21,0.0,0.0
Treponema_D succinifaciens,37082_3#21,0.0,0.0
Treponema_D sp900541945,37082_3#21,0.0,0.0
Ruminococcus_E bromii_B,37082_3#22,0.0,0.0
Bifidobacterium adolescentis,37082_3#22,0.0,0.0
Catenibacterium mitsuokai,37082_3#22,0.0,0.0
Eubacterium_R sp000433975,37082_3#22,0.0,0.0
Escherichia coli,37082_3#22,1.1167657180201984,99.96141975308642
Coprococcus eutactus_A,37082_3#22,0.0,0.0
Ligilactobacillus ruminis,37082_3#22,0.0,0.0
Ruminococcus_E sp003526955,37082_3#22,0.0,0.0
UBA3375 sp900551955,37082_3#22,1.3333333333333333,95.87878787878788
Treponema_D succinifaciens,37082_3#22,0.0,0.0
Treponema_D sp900541945,37082_3#22,0.0,0.0
Ruminococcus_E bromii_B,37082_3#23,0.0,0.0
Bifidobacterium adolescentis,37082_3#23,0.0,0.0
Catenibacterium mitsuokai,37082_3#23,2.4371069182389937,99.05660377358491
Eubacterium_R sp000433975,37082_3#23,0.0,0.0
Escherichia coli,37082_3#23,0.0,0.0
Coprococcus eutactus_A,37082_3#23,0.0,0.0
Ligilactobacillus ruminis,37082_3#23,2.5741710296684115,95.22687609075042
Ruminococcus_E sp003526955,37082_3#23,0.0,0.0
UBA3375 sp900551955,37082_3#23,0.0,0.0
Treponema_D succinifaciens,37082_3#23,0.0,0.0
Treponema_D sp900541945,37082_3#23,0.0,0.0
Ruminococcus_E bromii_B,37082_3#24,0.6921140939597316,99.32885906040268
Bifidobacterium adolescentis,37082_3#24,0.0,0.0
Catenibacterium mitsuokai,37082_3#24,0.0,0.0
Eubacterium_R sp000433975,37082_3#24,0.0,0.0
Escherichia coli,37082_3#24,0.0,0.0
Coprococcus eutactus_A,37082_3#24,0.0,0.0
Ligilactobacillus ruminis,37082_3#24,0.0,0.0
Ruminococcus_E sp003526955,37082_3#24,0.0,0.0
UBA3375 sp900551955,37082_3#24,0.0,0.0
Treponema_D succinifaciens,37082_3#24,0.0,0.0
Treponema_D sp900541945,37082_3#24,0.0,0.0
Ruminococcus_E bromii_B,37082_3#3,0.0,0.0
Bifidobacterium adolescentis,37082_3#3,4.8119122257053295,98.27586206896552
Catenibacterium mitsuokai,37082_3#3,0.0,0.0
Eubacterium_R sp000433975,37082_3#3,0.0,0.0
Escherichia coli,37082_3#3,1.2872330001959633,99.7110768175583
Coprococcus eutactus_A,37082_3#3,0.0,0.0
Ligilactobacillus ruminis,37082_3#3,0.0,0.0
Ruminococcus_E sp003526955,37082_3#3,0.0,0.0
UBA3375 sp900551955,37082_3#3,0.0,0.0
Treponema_D succinifaciens,37082_3#3,0.0,0.0
Treponema_D sp900541945,37082_3#3,0.0,0.0
Ruminococcus_E bromii_B,37082_3#30,0.6711409395973155,99.32885906040268
Bifidobacterium adolescentis,37082_3#30,0.0,0.0
Catenibacterium mitsuokai,37082_3#30,0.0,0.0
Eubacterium_R sp000433975,37082_3#30,0.0,0.0
Escherichia coli,37082_3#30,0.0,0.0
Coprococcus eutactus_A,37082_3#30,0.0,0.0
Ligilactobacillus ruminis,37082_3#30,0.0,0.0
Ruminococcus_E sp003526955,37082_3#30,0.0,0.0
UBA3375 sp900551955,37082_3#30,0.0,0.0
Treponema_D succinifaciens,37082_3#30,3.234265734265734,100.0
Treponema_D sp900541945,37082_3#30,0.0,0.0
Ruminococcus_E bromii_B,37082_3#31,0.0,0.0
Bifidobacterium adolescentis,37082_3#31,0.0,0.0
Catenibacterium mitsuokai,37082_3#31,0.0,0.0
Eubacterium_R sp000433975,37082_3#31,0.0,96.875
Escherichia coli,37082_3#31,0.0,0.0
Coprococcus eutactus_A,37082_3#31,0.33557046979865773,98.99328859060402
Ligilactobacillus ruminis,37082_3#31,0.0,0.0
Ruminococcus_E sp003526955,37082_3#31,0.33557046979865773,98.65771812080537
UBA3375 sp900551955,37082_3#31,0.0,0.0
Treponema_D succinifaciens,37082_3#31,0.0,0.0
Treponema_D sp900541945,37082_3#31,0.0,0.0
Ruminococcus_E bromii_B,37082_3#6,0.0,0.0
Bifidobacterium adolescentis,37082_3#6,0.0,0.0
Catenibacterium mitsuokai,37082_3#6,0.0,0.0
Eubacterium_R sp000433975,37082_3#6,0.0,0.0
Escherichia coli,37082_3#6,0.0,0.0
Coprococcus eutactus_A,37082_3#6,2.8462477120195238,97.76286353467562
Ligilactobacillus ruminis,37082_3#6,0.0,0.0
Ruminococcus_E sp003526955,37082_3#6,1.4052013422818792,98.65771812080537
UBA3375 sp900551955,37082_3#6,0.0,0.0
Treponema_D succinifaciens,37082_3#6,0.0,0.0
Treponema_D sp900541945,37082_3#6,0.0,0.0
Ruminococcus_E bromii_B,37082_3#8,0.0,0.0
Bifidobacterium adolescentis,37082_3#8,0.0,0.0
Catenibacterium mitsuokai,37082_3#8,0.0,0.0
Eubacterium_R sp000433975,37082_3#8,0.0,0.0
Escherichia coli,37082_3#8,0.0,0.0
Coprococcus eutactus_A,37082_3#8,0.0,0.0
Ligilactobacillus ruminis,37082_3#8,0.0,0.0
Ruminococcus_E sp003526955,37082_3#8,0.0,0.0
UBA3375 sp900551955,37082_3#8,0.0,0.0
Treponema_D succinifaciens,37082_3#8,0.0,0.0
Treponema_D sp900541945,37082_3#8,4.351204351204352,96.72202797202797
Ruminococcus_E bromii_B,37082_3#9,0.0,0.0
Bifidobacterium adolescentis,37082_3#9,0.0,0.0
Catenibacterium mitsuokai,37082_3#9,0.0,0.0
Eubacterium_R sp000433975,37082_3#9,0.0,0.0
Escherichia coli,37082_3#9,0.5761316872427983,99.96141975308642
Coprococcus eutactus_A,37082_3#9,0.0,0.0
Ligilactobacillus ruminis,37082_3#9,0.0,0.0
Ruminococcus_E sp003526955,37082_3#9,0.0,0.0
UBA3375 sp900551955,37082_3#9,0.0,0.0
Treponema_D succinifaciens,37082_3#9,0.0,0.0
Treponema_D sp900541945,37082_3#9,0.0,0.0
